prefix_cid,ts,cid,domain,url
007a,1.50155E+12,007a1d89-fca0-41b3-a022-7faf041cb7bd,yahoo.com,yahoo.com/style
00fe,1.50155E+12,00fe5980-c677-4d00-9ec1-af3400ef21ae,mentalflare.com,mentalflare.com/uses-vapo-rub
00fa,1.50155E+12,00fa5905-9e97-4f00-b71c-3389ce5e66b9,facebook.com,facebook.com/ea_scrabble_closed
69,1.50155E+12,0069575b-0e80-4f00-91ca-af281db1c1c1,pepperscale.com,pepperscale.com/jalapeno-hot-sauce-recipe
13,1.50155E+12,001354ff-ceb4-4a00-99f4-6d0fdec12e55,cafemom.com,cafemom.com/celebrities
85,1.50155E+12,00855959-a59f-4500-8f08-504aedb69832,livingly.com,livingly.com/
005d,1.50155E+12,005d0cd7-7b3c-4846-9cc5-c3cdcac441ed,trueactivist.com,trueactivist.com/for-years-this-daughter-left-babies-at-her-parents-doorsteps-24-years-later-they-finally-find-out-why-gallery
003d,1.50155E+12,003d5549-666e-4d00-b8f2-3461f10513c1,observer.com,observer.com/2017
00c9,1.50155E+12,00c9583a-6641-4600-aaad-ee72edd72151,diply.com,diply.com/cleaning-tips-for-neat-freaks
007a,1.50155E+12,007a58f5-5e0f-4200-9b10-cd65ee8c851a,tagged.com,tagged.com/#11153512
0,1.50155E+12,00005980-c6d1-4e00-8066-7648ef063409,loanpride.com,loanpride.com/celebs-attorney-at-law-busy-with-wills
00ed,1.50155E+12,00ed5980-c752-4700-afc3-e01a78c63e98,gamefaqs.com,gamefaqs.com/ps4
005e,1.50155E+12,005e5715-1f58-4500-ad01-356861e52114,jumpstartautomotivegroup.com,jumpstartautomotivegroup.com/
23,1.50155E+12,00235944-44dc-4300-81b8-4989659f2e41,yahoo.com,yahoo.com/
00ec,1.50155E+12,00ec5936-fd78-4a00-920d-e52e09193cc7,yahoo.com,yahoo.com/news
00d0,1.50155E+12,00d0d97a-848a-499e-b9ff-e8880d0bd727,google.com,google.com/store
57,1.50155E+12,00575901-14e4-4d00-9e52-5b7694d141a2,therichest.com,therichest.com/shocking
28,1.50155E+12,002858e5-15c8-4000-93eb-ff8705316943,ratemyprofessors.com,ratemyprofessors.com/campusRatings.jsp
78,1.50155E+12,00785955-0d89-4200-9f37-ef84b9cd2e3e,google.com,google.com/store
5,1.50155E+12,0005597a-1718-4a00-a2de-fb5cd4b58163,ranker.com,ranker.com/list
82,1.50155E+12,0082589f-8e9f-4600-90a8-1f98773a2445,op.gg,op.gg/summoner
13,1.50155E+12,00135588-727e-4a00-9135-181af36652b3,toshiba.com,toshiba.com/
00df,1.50155E+12,00df57f8-d1c5-4b00-a881-a53fb6d92e36,finance.yahoo.com,finance.yahoo.com/
6,1.50155E+12,000653b1-eca5-4e00-b9ec-0a1cc5a36dd2,xfinity.com,xfinity.com/adframe
0.00E+00,1.50155E+12,00e6597d-268e-4c00-9f20-b067087c2dbf,thekitchn.com,thekitchn.com/how-to-make-classic-egg-salad-cooking-lessons-from-the-kitchn-187405
57,1.50155E+12,0057df7b-6284-482b-a4e8-b173c15a560b,weather.com,weather.com/
00f3,1.50155E+12,00f358e4-2bab-4300-8441-d8ae784d8ec1,jamaicaobserver.com,jamaicaobserver.com/all-woman
00cd,1.50155E+12,00cd58f8-dc5f-4900-8f50-90d85130bf54,thequiz.com,thequiz.com/iFramedAdTemplate
22,1.50155E+12,00225980-cf00-4200-87e2-eb427661d97f,thethings.com,thethings.com/15-times-disney-took-away-our-innocence
00a1,1.50155E+12,00a156e4-4fef-4700-860e-6cd69038d025,carlsbadcravings.com,carlsbadcravings.com/
00ea,1.50155E+12,00ea58d3-e604-4c00-8a7f-c99ceeb004f7,thesportster.com,thesportster.com/entertainment
009d,1.50155E+12,009d56c8-4740-94bb-aea1-0d98bf456843,dailyfeed.co.uk,dailyfeed.co.uk/before-fame-the-cast-of-duck-dynasty-looked-very-different
00a3,1.50155E+12,00a35866-93c9-4200-a76a-f949331db585,dailymotion.com,dailymotion.com/
87,1.50155E+12,00875737-af26-4a00-929e-e2f3c1a724dd,foxnews.com,foxnews.com/
45,1.50155E+12,004555ca-d263-4900-9163-a4cc61866f12,overwolf.com,overwolf.com/
00b1,1.50155E+12,00b155dd-f4c9-4000-b9ce-0500a4a02585,hotnewhiphop.com,hotnewhiphop.com/
00d2,1.50155E+12,00d2574b-9c1e-4900-8435-d0acbc4f6eee,brainfall.com,brainfall.com/quizzes
008d,1.50155E+12,008d570c-eb84-4300-af7b-ea857eb9ffde,ebay.com,ebay.com/
00f4,1.50155E+12,00f457af-b09d-4900-b8c5-b211e5a39a00,spotify.com,spotify.com/
00a2,1.50155E+12,00a25778-ff62-4700-8311-3c1d747103f0,conjur.com.br,conjur.com.br/2017-jun-19
0.00E+00,1.50155E+12,00e5fa94-2f91-408b-8da2-ece694c0b25d,google.com,google.com/store
003c,1.50155E+12,003c5684-c62a-4600-9c25-5015b4c55830,allrecipes.com,allrecipes.com/recipe
78,1.50155E+12,00785966-4450-4100-b234-d938f74b0136,zoo.com,zoo.com/quiz
0.00E+00,1.50155E+12,00e6548b-ae3b-4d00-9e07-aab0f7fcb014,lifedaily.com,lifedaily.com/story
00c9,1.50155E+12,00c95856-a8f4-4a00-a3a9-55e3dfdb06e5,cnn.com,cnn.com/2017
83,1.50155E+12,00835954-231e-4d00-9c64-5db08b3bfe60,aol.com,aol.com/
00b0,1.50155E+12,00b05525-a8cb-4400-b53e-aeecb6017f35,skinnytaste.com,skinnytaste.com/
00d4,1.50155E+12,00d45979-090c-4700-a071-180f714475c4,att.net,att.net/
99,1.50155E+12,0099592e-1a71-4bef-b7ab-258063f9e273,uol.com.br,uol.com.br/
17,1.50155E+12,001758cb-0942-4000-bb86-452ef38029de,foxnews.com,foxnews.com/
002b,1.50155E+12,002b1b1f-6f14-4d01-a551-2733c2b8cf25,ebay.com,ebay.com/
00c5,1.50155E+12,00c555b0-6858-4600-8683-c5710fc8aced,fixya.com,fixya.com/support
12,1.50155E+12,0012590e-cd37-4e00-a650-5a01599fa93e,letras.mus.br,letras.mus.br/
008c,1.50155E+12,008c597d-7448-4e00-bd35-c2b3b4ef1539,justpremium.us,justpremium.us/
76,1.50155E+12,00765871-5299-4e00-b8ca-b1a120210803,honesttopaws.com,honesttopaws.com/cave-puppies
00c9,1.50155E+12,00c9592f-8b9b-4c00-85ae-5935edac3614,ninjajournalist.com,ninjajournalist.com/entertainment
44,1.50155E+12,0044fda1-f960-4391-b740-3645a373838f,apple.com,apple.com/app
00df,1.50155E+12,00df5808-1678-4b00-a88a-60c86b08aa1b,thethings.com,thethings.com/#11153492
00a7,1.50155E+12,00a70252-b5f4-45ce-8343-4deb868b00ff,foxnews.com,foxnews.com/
00f1,1.50155E+12,00f15980-b758-4b00-9d8c-a570762ec1a0,xfinity.com,xfinity.com/
49,1.50155E+12,004958e8-0cee-4800-9c38-ab9ffa9c3897,xfinity.com,xfinity.com/adframe
00bb,1.50155E+12,00bb5980-c7a8-4f00-adaf-c53a51027a32,all-that-is-interesting.com,all-that-is-interesting.com/pablo-escobar
75,1.50155E+12,0075549b-63f5-4400-9d11-ca70b9229d39,mail.yahoo.com,mail.yahoo.com/
79,1.50155E+12,007957c4-2f0a-4900-ae0a-dc75c8c56566,worldlifestyle.com,worldlifestyle.com/tvshows
009e,1.50155E+12,009e5951-7553-4b00-972c-5836d8ad09b2,sacbee.com,sacbee.com/news
44,1.50155E+12,004458e5-e875-4a00-8152-94ae531397a0,dmv.org,dmv.org/
00ad,1.50155E+12,00ad57ff-9a93-4000-b236-f4a0a19e0e8d,my.com,my.com/
20,1.50155E+12,00205376-5ef1-4900-b22a-2aa6d1319ef0,lsn.com,lsn.com/activities
008c,1.50155E+12,008c597a-0321-4100-ab92-e941890dce35,washingtonjournal.com,washingtonjournal.com/2017
91,1.50155E+12,0091573a-21b5-4400-8ace-6336d5987105,saveur.tv,saveur.tv/feature
00b8,1.50155E+12,00b85978-dd2d-4700-a732-28ac9bc89306,bluproducts.com,bluproducts.com/
18,1.50155E+12,0018584e-c1a1-4500-8292-03c1b4299155,wowhead.com,wowhead.com/
00b9,1.50155E+12,00b95845-8c72-4300-bb93-91394068f0ac,ultimate-guitar.com,ultimate-guitar.com/search.php%7Csearch.php3
00c8,1.50155E+12,00c8592f-c0fb-4700-b54b-787f988c39f5,lifebuzz.com,lifebuzz.com/global
50,1.50155E+12,005058d2-e807-4f00-b74c-51deee034bb6,wideopenspaces.com,wideopenspaces.com/arrow-tipped-shotgun-slugs
00a3,1.50155E+12,00a358fb-b77e-4c00-9710-18ad686d80de,fame10.com,fame10.com/entertainment
00fa,1.50155E+12,00fa597e-3ca0-4200-a12e-c36e121b92b2,okcupid.com,okcupid.com/profile
92,1.50155E+12,0092562e-761a-4800-b798-c2567e335acf,kiwireport.com,kiwireport.com/brooke-shields-secret-sides
33,1.50155E+12,003358d1-8a57-4f00-ada6-3bf56aa6f093,truyencv.com,truyencv.com/than-dao-dan-ton
00a4,1.50155E+12,00a4597a-3452-4600-9ce5-a2d8993d3e3c,howstuffworks.com,howstuffworks.com/quiz
005b,1.50155E+12,005b5964-6e7c-4200-8291-d2441d840403,burstdaily.com,burstdaily.com/a
002c,1.50155E+12,002c593b-2283-4d00-802d-7ca182ae5c32,virgilio.it,virgilio.it/s61
002e,1.50155E+12,002e5795-4682-4b00-b647-4923ba743c84,ipn.mx,ipn.mx/
8,1.50155E+12,00085908-e795-4200-9e22-fb161e0d1389,ebay.com,ebay.com/
36,1.50155E+12,00365354-7295-4600-96a2-6f6410cad5b2,emptylighthouse.com,emptylighthouse.com/naked-and-afraid-recap-karen-matt-season-5-episode-5-contamination-645011138
57,1.50155E+12,0057596c-eb70-4900-bd5f-ec6a3b43f259,drudgereport.com,drudgereport.com/
00d4,1.50155E+12,00d45800-3d6c-4c00-b7a4-7241022a61a0,yahoo.com,yahoo.com/
48,1.50155E+12,00485965-94ee-4b00-a886-6ebb47a96b37,myway.com,myway.com/f678
004c,1.50155E+12,004c0eec-40f0-48e4-8420-5ea59de8215a,inquisitr.com,inquisitr.com/4401678
21,1.50155E+12,002155cc-81f7-4100-856e-1470db8e97f5,newravel.com,newravel.com/a
000a,1.50155E+12,000a592e-dffe-4400-a377-c3e794e8b247,hockeybuzz.com,hockeybuzz.com/blog
95,1.50155E+12,00955980-c8e9-4b00-8c0f-87c379fc3321,screenrant.com,screenrant.com/naruto-sasuke-sakura-sasusaku-facts-trivia
00fd,1.50155E+12,00fd5971-0f6b-4200-bc35-e54503ddcc81,ktvb.com,ktvb.com/news
001c,1.50155E+12,001c58be-98c8-4e00-a48b-5e955d16b85b,mail.yahoo.com,mail.yahoo.com/neo
38,1.50155E+12,00385832-cc8e-4900-96e9-202e3a63b472,topix.com,topix.com/slideshow
00b7,1.50155E+12,00b71240-469a-4e7c-a570-d5666b4b7332,livingly.com,livingly.com/Baby+Names+That+Parents+Wish+They+Hadn't+Used
00ee,1.50155E+12,00ee567f-c839-4300-b882-e31535dc90e3,kijiji.ca,kijiji.ca/
00cc,1.50155E+12,00cc597b-3fa2-4600-879a-78eabc6f6378,toyotanation.com,toyotanation.com/
97,1.50155E+12,009757bf-3ca1-4500-b180-7e70452a565a,puppytoob.com,puppytoob.com/doggy-tips
0.00E+00,1.50155E+12,00e556f0-56db-4f00-b9a5-5e8eae1bc00d,usatoday.com,usatoday.com/
44,1.50155E+12,00445980-c968-4a00-993b-6a4f44624624,minq.com,minq.com/new
001a,1.50155E+12,001a3a30-0ab3-4fa0-97ff-7b5f45e142a0,suggest.com,suggest.com/lifestyle
00c5,1.50155E+12,00c5597e-3bcd-4000-8a07-dc048accad0a,lanacion.com.ar,lanacion.com.ar/
000c,1.50155E+12,000c597f-89c2-4600-ab1a-172759c25093,viralworld.net,viralworld.net/18-awkward-family-photos-that-should-have-never-been-taken
0.00E+00,1.50155E+12,00e75948-4bef-4900-9e31-8140843fd3dd,today.com,today.com/video
97,1.50155E+12,0097577a-a84a-4e00-9c3b-cd1bfa05332c,tickld.com,tickld.com/x
00f8,1.50155E+12,00f85975-6771-4b00-bddb-99ff646d656c,ebay.com,ebay.com/
94,1.50155E+12,00945951-49be-4800-a167-740be58d4e72,wordfind.com,wordfind.com/solver
001e,1.50155E+12,001e58d6-d561-4900-b381-07e329efc999,newsweek.com,newsweek.com/nasa-planetary-defense-asteroid-october-2012-tc4-644072
00d3,1.50155E+12,00d35906-2c59-4800-b174-98720dacb6a3,mundokodi.com,mundokodi.com/addon-alfa-en-kodi-pelisalacarta
006f,1.50155E+12,006f5791-4f80-4900-9264-5d305c092a9f,wikia.com,wikia.com/wiki
002a,1.50155E+12,002a597a-2211-4d00-abb0-acc2e3910f2f,popularscience.tv,popularscience.tv/feature
005a,1.50155E+12,005a5973-3f81-4900-b067-f8a0d935ba56,xfinity.com,xfinity.com/appsuite
001d,1.50155E+12,001d596b-8b43-4000-bb0e-9e4d84072746,fansshare.com,fansshare.com/gallery
009f,1.50155E+12,009f585c-fd31-4700-8130-604d40c0e755,facebook.com,facebook.com/
002d,1.50155E+12,002d5196-3ada-4cc8-8187-b6a658394044,diply.com,diply.com/
7,1.50155E+12,000758b9-5ce7-4400-80c8-c68d6aac3cb6,palcomp3.com,palcomp3.com/forrozaomelcomterra
00f6,1.50155E+12,00f6567e-e409-4e00-aa14-2c9f4a2b9c5e,stocktwits.com,stocktwits.com/symbol
00a0,1.50155E+12,00a0596d-768d-4700-9f52-8b3a7a90c830,supercheats.com,supercheats.com/articles
00ce,1.50155E+12,00ce5770-63c3-4d00-b237-e0c4b12af885,12up.com,12up.com/es
83,1.50155E+12,00835926-ded4-4c00-b7ae-678edc385715,msn.com,msn.com/gameplayer
34,1.50155E+12,00345980-a9c8-4f00-b968-8d1491d95a9a,googlesyndication.com,googlesyndication.com/safeframe
008e,1.50155E+12,008e5952-a011-4c00-8b83-92a1fc5cd034,heavy.com,heavy.com/entertainment
006a,1.50155E+12,006a57ff-c318-4e00-98f3-33b5df514ec6,sbt.com.br,sbt.com.br/aovivo
52,1.50155E+12,005257ab-5e55-4e00-aef8-8c4575b97f31,xfinity.com,xfinity.com/adframe
00bd,1.50155E+12,00bd5980-ce48-4f00-92cf-b6cd3b62563b,foodnetwork.com,foodnetwork.com/
000d,1.50155E+12,000d566c-00a3-4400-bfa4-4851c00f2f0c,wikia.com,wikia.com/wiki
00f2,1.50155E+12,00f256e0-7b52-4000-9b1f-0633856ab5f4,icarros.com.br,icarros.com.br/volkswagen
35,1.50155E+12,00355858-8c09-4000-923f-6732c72511d9,google.com,google.com/store
00b2,1.50155E+12,00b25978-c4e6-4700-a8fa-a7b0ce12346e,healthyway.com,healthyway.com/content
00ab,1.50155E+12,00ab53fb-ee2a-4c00-a107-9e292af4fc00,howrse.com,howrse.com/#11153512
66,1.50155E+12,006653c7-20ce-4000-b894-0f8afca0c55c,wattpad.com,wattpad.com/
00ed,1.50155E+12,00ed5950-b741-4700-a5c9-594165e4b55e,intoday.in,intoday.in/story
11,1.50155E+12,00115972-3e70-4d00-baa0-24d7acf18477,vox.com,vox.com/
005d,1.50155E+12,005d58a5-b450-4600-b07e-c7c2ab6222c7,yahoo.com,yahoo.com/
003f,1.50155E+12,003f5936-f3e9-4200-8213-7381f9062103,definition.org,definition.org/love-lucy-fun-facts-havent-heard
00a4,1.50155E+12,00a4593e-de09-4400-b575-110ef6ebb0b4,diethood.com,diethood.com/
00bd,1.50155E+12,00bd577f-ed63-4d00-94b0-4defd911e538,pjmedia.com,pjmedia.com/lifestyle
45,1.50155E+12,00455908-dff8-4900-8de5-45344a93880b,babygaga.com,babygaga.com/20-of-the-most-glamorous-girl-names-youll-want-dibs-on
00f6,1.50155E+12,00f65980-c71c-4a00-a575-04f6cc63e7f5,thesportster.com,thesportster.com/entertainment
00f9,1.50155E+12,00f958e7-dcf4-4c00-9cfe-8d44918c2f79,proprofs.com,proprofs.com/quiz-school
00ca,1.50155E+12,00ca567e-e32a-4200-866f-7e01286fd761,iheart.com,iheart.com/
009b,1.50155E+12,009b0e93-5c23-4fd2-b945-71a2b8134b13,iflmylife.com,iflmylife.com/entertainment
00dd,1.50155E+12,00dd594e-b5e3-4e00-b777-d9ee0c5df97a,reason.com,reason.com/
009a,1.50155E+12,009a5966-7763-4900-81c8-c0faa3b30728,xfinity.com,xfinity.com/adframe
80,1.50155E+12,00805938-a523-4200-95df-f1e957a16b8c,livenewson.com,livenewson.com/american
00f6,1.50155E+12,00f65703-e5d6-4c00-a27e-70000ea6e5e1,olx.com.br,olx.com.br/
45,1.50155E+12,00455764-798b-4500-afcd-fdaaf9c65a20,billboard.com,billboard.com/charts
005e,1.50155E+12,005e597f-9704-4200-9c0c-75b4212ee0cf,ebay.com,ebay.com/
00d0,1.50155E+12,00d0595c-8e54-4700-a419-a19af1fe0fcf,hollywoodlife.com,hollywoodlife.com/pics
00da,1.50155E+12,00da5975-6862-4400-b9bd-f8cdb08d5395,netzero.net,netzero.net/webmail
001e,1.50155E+12,001e58eb-fd1d-4a00-82fd-bed71559c402,pogo.com,pogo.com/
00c0,1.50155E+12,00c0597f-378c-4d00-98b0-ac2a35db9494,instructables.com,instructables.com/id
12,1.50155E+12,00125931-cf01-4e00-b91a-34615b1bfcda,cardgames.io,cardgames.io/
00c4,1.50155E+12,00c45954-108a-4c0e-ad28-e0b72d20a6fd,google.com,google.com/store
004c,1.50155E+12,004c597e-9a30-4500-b75f-4bfb8f8edcfb,whisper.sh,whisper.sh/
89,1.50155E+12,008958d8-deab-4600-9412-be51d96591c6,kijiji.ca,kijiji.ca/b-auto-parts-tires
95,1.50155E+12,0095593f-0d9d-4700-a37f-eb29c6a88c10,walmart.com,walmart.com/search
005d,1.50155E+12,005d5634-0902-4600-b83f-4059f2ee6b97,mercadolibre.com.ar,mercadolibre.com.ar/MLA-675665147-cartera-marca-prune-de-cuero-efecto-gastado-_JM
003d,1.50155E+12,003d58e1-d894-4100-ab19-8bcbf67fbeee,buddytv.com,buddytv.com/#11153512
001a,1.50155E+12,001a58f3-5407-4b00-9de4-74eba45fdc14,lifedaily.com,lifedaily.com/story
00f9,1.50155E+12,00f9597c-ef5a-4400-bb01-458c2749b415,realtor.com,realtor.com/realestateandhomes-detail
65,1.50155E+12,00655864-441b-4f00-9efd-89bd7873f712,coolmath-games.com,coolmath-games.com/0-papas-bakeria
006f,1.50155E+12,006f5777-a9e7-4c00-b8b0-7d1c197b19d8,usatoday.com,usatoday.com/2017
008d,1.50155E+12,008d540a-0cc4-4f00-ae2e-122e5a46f25d,ninjajournalist.com,ninjajournalist.com/entertainment
8,1.50155E+12,00080816-4741-ee02-b365-bd94ef3103a9,facebook.com,facebook.com/
71,1.50155E+12,00715980-bfa9-4400-b9ed-62a922263b65,newsarama.com,newsarama.com/35747-damian-gets-first-crush-has-leadership-challenged-in-teen-titans.html
76,1.50155E+12,007656cf-edc5-4800-a3e6-c7954ff851df,dailymail.co.uk,dailymail.co.uk/tvshowbiz
00bd,1.50155E+12,00bd5947-f1ab-4d00-9f56-030af100d8af,destinationtips.com,destinationtips.com/destinations
22,1.50155E+12,002257f9-97ad-4700-9463-39dd8edd53e7,diply.com,diply.com/chill-peeps-cool-day
47,1.50155E+12,004758b4-4c30-4300-b587-b13954deed5f,wow-professions.com,wow-professions.com/profession-leveling-guides
00c6,1.50155E+12,00c6597a-a11a-4600-9b20-43ed19814f7c,babygaga.com,babygaga.com/15-signs-you-should-call-cps-on-the-neighbors
92,1.50155E+12,00925944-82ff-4600-9f86-141bdc48f179,prizegrab.com,prizegrab.com/prizes
00be,1.50155E+12,00bebb93-0f6c-4c3c-b346-89b940f74108,google.com,google.com/store
85,1.50155E+12,008553ef-3b40-4200-b3ac-01d02cd242fb,mail.yahoo.com,mail.yahoo.com/neo
0.00E+00,1.50155E+12,00e85794-a322-4800-9066-e47eccefe2de,thetalko.com,thetalko.com/20-pictures-nicole-richie-doesnt-want-you-to-see
007c,1.50155E+12,007c579a-7338-4d00-a914-4135d53703aa,ebay.ca,ebay.ca/itm
37,1.50155E+12,003758a1-1555-4800-bf77-8f24374bd4d7,realcoolnation.com,realcoolnation.com/
86,1.50155E+12,008658aa-c89e-4400-aa8e-cfa55a1010d4,msn.com,msn.com/
00c1,1.50155E+12,00c1d5c5-7f3e-4c98-a838-294de88bc905,google.com,google.com/store
1,1.50155E+12,00015888-d6d9-4a00-b871-5937e649cdda,brainjet.com,brainjet.com/random
00c3,1.50155E+12,00c35955-5d33-4400-99d0-8ef2a4200996,wifewine.com,wifewine.com/freaky-woman-you-wont-believe-exist
00c1,1.50155E+12,00c155e4-f2ed-4e00-958d-f5522deb26db,ebay.com,ebay.com/
002a,1.50155E+12,002a593d-6e43-4a00-a615-d55fe799866a,screenrant.com,screenrant.com/avengers-3-infinity-war-main-characters-important
45,1.50155E+12,00455842-107f-4200-88f3-cc806293aec4,ebay.com,ebay.com/
27,1.50155E+12,002758be-0df1-4d00-93a0-081d60c1aac2,clicrbs.com.br,clicrbs.com.br/sc
004e,1.50155E+12,004e5413-5c99-47fa-bf14-094a276e4c75,apple.com,apple.com/app
004c,1.50155E+12,004c5962-8928-4a00-89fa-0d709badec07,wunderground.com,wunderground.com/US
00a1,1.50155E+12,00a1597f-be92-4c00-bd73-ca7b6cb1a91b,therichest.com,therichest.com/world-entertainment
2,1.50155E+12,00025973-9063-4100-8013-3eaccbd14270,att.net,att.net/
20,1.50155E+12,00205975-d3fa-4500-8e97-a98b6a5460e4,diply.com,diply.com/people-let-unbotheredness-guiding-star
44,1.50155E+12,00445966-22a2-4d00-82ae-f74d59d7db23,mail.yahoo.com,mail.yahoo.com/
00d9,1.50155E+12,00d95382-af70-4900-9499-53393b8911f5,msn.com,msn.com/en-us
000c,1.50155E+12,000c8c28-4abf-4165-8462-739636474cf2,google.com,google.com/store
002c,1.50155E+12,002c5882-4358-4f00-a925-87b6edf7c06b,bankrate.com,bankrate.com/calculators
20,1.50155E+12,00205928-2c2c-4c00-b73b-26bc0fa8d2bd,auctionzip.com,auctionzip.com/cgi-bin
18,1.50155E+12,0018551c-96a2-4100-9c2e-b45034dc6ff6,wuxiaworld.com,wuxiaworld.com/tdg-index
40,1.50155E+12,004055ac-69cd-4d00-9760-a838b38946ef,mejorconsalud.com,mejorconsalud.com/
001e,1.50155E+12,001e588d-e869-4200-8a8d-c310e11fb7bd,filmesonlinex.biz,filmesonlinex.biz/
68,1.50155E+12,00685797-6faf-4800-a4f0-b453773b7d19,sfglobe.com,sfglobe.com/2016
001b,1.50155E+12,001b5961-5b01-4800-ade3-f071198c3727,mmafighting.com,mmafighting.com/
3,1.50155E+12,000358f2-3d66-4200-a9bd-28d5a0bc9015,mail.yahoo.com,mail.yahoo.com/
00b2,1.50155E+12,00b25608-d50d-4600-a8cf-faafd6e18c70,earthlink.net,earthlink.net/wam
00b9,1.50155E+12,00b9596b-422a-4800-851c-66423a8462b8,olx.com.br,olx.com.br/busca
0.00E+00,1.50155E+12,00e4597b-b40b-4800-9460-87fd1a390ef5,weather.com,weather.com/
41,1.50155E+12,0041594f-2d17-4400-b1ec-d070f100a1b8,prouditaliancook.com,prouditaliancook.com/2007
79,1.50155E+12,0079587a-6fcf-4400-bff7-57fb2d92afbf,drudgereport.com,drudgereport.com/
00d8,1.50155E+12,00d8597f-9af7-4c00-ae89-450d60c9df6d,recipego.com,recipego.com/
00f9,1.50155E+12,00f95787-e2b1-4e00-8e4f-6f015291bce7,thedailybeast.com,thedailybeast.com/human-sacrifice-a-hobby-as-old-as-time
00fd,1.50155E+12,00fd55bc-2a1b-4300-ad45-47c607346d44,therichest.com,therichest.com/shocking
005d,1.50155E+12,005d5980-c72c-4f00-92cf-cfbf7639347d,gardenguides.com,gardenguides.com/edible-gardens
003a,1.50155E+12,003a335b-f117-4c1a-bd94-524edd71761f,workingmothertv.com,workingmothertv.com/feature
00de,1.50155E+12,00de5836-e546-4100-acef-bf9471f91f2c,thestar.com,thestar.com/
5,1.50155E+12,000557d5-40a3-4100-b211-814b61b6f6df,healthyway.com,healthyway.com/content
93,1.50155E+12,00930b47-ab18-4f57-8281-e42239c2f489,spanishdict.com,spanishdict.com/translation
002e,1.50155E+12,002e553f-1bbf-4600-84e1-8f643d5a263e,topix.com,topix.com/slideshow
38,1.50155E+12,00385825-15e6-4600-8c17-163fe763ebc4,infomoney.com.br,infomoney.com.br/
00ce,1.50155E+12,00ce5975-37aa-4400-b3e0-28a4accc0915,sfgate.com,sfgate.com/sports
006a,1.50155E+12,006a5980-c5b0-4c00-8fa6-9fa650dd9146,dailymail.co.uk,dailymail.co.uk/
46,1.50155E+12,0046595b-2181-4e00-9240-5f3713d2fe4f,wuxiaworld.com,wuxiaworld.com/emperor-index
006e,1.50155E+12,006e075a-7608-48a1-88fa-0e9611f0d727,topix.com,topix.com/quiz
54,1.50155E+12,00545705-41a3-4c00-85f7-6c14dfc1f2bc,sfgate.com,sfgate.com/
0.00E+00,1.50155E+12,00e8584e-688a-4600-b669-cbb691f563ec,inboxdollars.com,inboxdollars.com/tv
86,1.50155E+12,008658ea-bfc9-4d00-9ccf-774621fd2603,ebay.com,ebay.com/
23,1.50155E+12,002358e5-435a-4000-937f-150a4472859f,kitchensanctuary.com,kitchensanctuary.com/2017
00bf,1.50155E+12,00bf595e-a575-4500-949d-095d08a26a18,muscleandfitness.com,muscleandfitness.com/workouts
55,1.50155E+12,00555929-b3d2-4800-80c8-c4351cb81aef,thetalko.com,thetalko.com/15-trends-guys-find-gross-but-women-love
74,1.50155E+12,0074597d-56b9-4400-b975-5a9aa9d2a3e4,all-that-is-interesting.com,all-that-is-interesting.com/celebrity-school-photos
008d,1.50155E+12,008d5711-809b-4e00-b0a6-11e761c309a1,tasteofhome.com,tasteofhome.com/recipes
00c1,1.50155E+12,00c158c2-347b-4100-b00e-5dfda6e2a273,newyorker.com,newyorker.com/
00a3,1.50155E+12,00a35866-93c9-4200-a76a-f949331db585,dailymotion.com,dailymotion.com/video
00a2,1.50155E+12,00a257b1-0e65-4800-9a77-462ca99a8301,ranker.com,ranker.com/list
7,1.50155E+12,0007596d-ecb5-4600-87de-77994e6478a2,zoo.com,zoo.com/quiz
00ac,1.50155E+12,00ac5968-d5ab-4e00-a372-83ffd03c21ff,yahoo.com,yahoo.com/
65,1.50155E+12,006558cf-3e5d-4900-84cf-d5b26683a6d8,thetalko.com,thetalko.com/16-actual-celeb-clothing-sizes-thatll-make-you-feel-better
0.00E+00,1.50155E+12,00e6594c-ef7b-4600-be28-60fe7a8a046c,therichest.com,therichest.com/shocking
004f,1.50155E+12,004f21fa-9020-43f8-b4c2-0900399b3df6,apple.com,apple.com/app
0,1.50155E+12,0000595f-b1b3-4800-8e57-7fc06f42c9e8,normannorman.com,normannorman.com/2017
00fc,1.50155E+12,00fc048b-beeb-452d-8432-38ba4186eb4c,yahoo.com,yahoo.com/
00f1,1.50155E+12,00f10dd7-3a9a-4d6c-a2cd-03c597288584,weather.com,weather.com/
43,1.50155E+12,00435961-85fa-4e00-abe9-0b2924f54272,forbes.com,forbes.com/
51,1.50155E+12,0051592d-9b93-4d00-87b5-e086568d46a2,ohmymag.com,ohmymag.com/
00ca,1.50155E+12,00ca5861-092f-4100-861a-bf28aa8aee28,snopes.com,snopes.com/music
00c8,1.50155E+12,00c8186a-a1a9-4856-a742-76c75d91f89e,recordstar.com,recordstar.com/
00fc,1.50155E+12,00fc583e-6930-4f00-af58-0658eb2f258f,observer.com,observer.com/
73,1.50155E+12,00731a1c-de8b-4934-b5ce-77e554fc8060,pch.com,pch.com/sweep-bonus-gameplay
95,1.50155E+12,00955910-e7ee-4300-9a42-d416b63d83c9,howstuffworks.com,howstuffworks.com/quiz
00a1,1.50155E+12,00a15974-f659-4a00-825e-bb9d2d83d9a1,therichest.com,therichest.com/shocking
0.00E+00,1.50155E+12,00e45716-6dee-4300-99ab-6eca468362e9,elleuk.com,elleuk.com/horoscopes
72,1.50155E+12,00725943-27ea-4500-adc0-fd9b67086338,smartfares.com,smartfares.com/cruises.aspx
00c8,1.50155E+12,00c855d2-860a-4f00-a168-776c6c5b7d14,mail.yahoo.com,mail.yahoo.com/neo
000e,1.50155E+12,000e1240-14b3-470a-adc1-613576b00095,google.com,google.com/store
84,1.50155E+12,00845909-ad00-4c00-8c10-940dc6389bf7,reddit.com,reddit.com/r
00b5,1.50155E+12,00b554aa-a84b-4600-a4e3-2cf804b9c1df,ebay.com,ebay.com/
003d,1.50155E+12,003d15e2-8e69-4655-a022-050a92bb0935,google.com,google.com/store
00f8,1.50155E+12,00f85937-0731-4300-a422-d2640a9ffdda,minijuegos.com,minijuegos.com/
00ca,1.50155E+12,00ca58f0-28c2-4500-ac06-e35524ab8bf1,thethings.com,thethings.com/15-savage-times-people-got-called-out-on-their-bs
79,1.50155E+12,0079582f-6406-4c00-8cd9-f3d37e2d9c62,therichest.com,therichest.com/world-entertainment
008f,1.50155E+12,008f594b-eea5-4100-aa71-b4af65614187,cleveland.com,cleveland.com/placead
45,1.50155E+12,004556a2-9999-4a00-adf3-6a11573ba48c,nbcchicago.com,nbcchicago.com/news
00fc,1.50155E+12,00fce502-d1e7-4a15-a159-eb4ddbba477d,reddit.com,reddit.com/r
92,1.50155E+12,0092593c-0717-4a00-a77a-78bd30076e9e,revelist.com,revelist.com/
36,1.50155E+12,00365951-a071-4000-883f-c6ac026ca2a4,google.com,google.com/store
48,1.50155E+12,00485980-c5e7-4b00-9675-75fc17bea963,snopes.com,snopes.com/horrors
003f,1.50155E+12,003f593e-f6d1-4100-8f5a-931e72cbe024,classyclutter.net,classyclutter.net/2015
00f0,1.50155E+12,00f05948-5904-4900-b335-41263100d67e,golfchannel.com,golfchannel.com/
00fe,1.50155E+12,00fe5974-f9bc-4500-99df-5fc255b3d792,mywedding.com,mywedding.com/milwaukee
98,1.50155E+12,0098589e-f2c7-4200-b7d5-0f6c8058a254,ebay.com,ebay.com/
00b4,1.50155E+12,00b45933-1fa1-4f00-86fd-c0bea261ccd8,planetminecraft.com,planetminecraft.com/resources
00be,1.50155E+12,00be58b5-a0c7-4800-bc7e-654b250bde6e,travelchannel.com,travelchannel.com/shows
48,1.50155E+12,004857fd-6f10-4300-b825-6e8277161288,wired.com,wired.com/story
87,1.50155E+12,00875939-c1e1-4e00-a8f2-86c980a9c954,statesmanjournal.com,statesmanjournal.com/story
003e,1.50155E+12,003e5693-8e6c-4300-88a8-36ce0a27cb78,thetalko.com,thetalko.com/15-celebrity-pics-you-were-never-meant-to-see
26,1.50155E+12,002658f8-08e4-4100-9f82-dbeef900a463,diply.com,diply.com/people-getting-told
35,1.50155E+12,003554c7-e18e-4700-808b-e2e24033739e,healthyway.com,healthyway.com/content
99,1.50155E+12,00991eaf-19a9-4bf5-9070-c168cc6c0844,apple.com,apple.com/app
38,1.50155E+12,00385917-28b9-4900-a807-dbe9bb0ae83a,usatoday.com,usatoday.com/games
00cf,1.50155E+12,00cf596d-3f8a-4c00-a90d-89b824438d5a,mail.yahoo.com,mail.yahoo.com/neo
67,1.50155E+12,006757ea-533f-4f00-8d1d-bb0d41e86553,topix.com,topix.com/quiz
00be,1.50155E+12,00be579d-1bc8-4f00-87a1-92423bc4f5ad,ubergizmo.com,ubergizmo.com/
00a8,1.50155E+12,00a85822-a0f9-4900-99fb-20f803c37e0d,historyinorbit.com,historyinorbit.com/amish-facts-probably-didnt-know
009b,1.50155E+12,009b589a-0d5a-4600-af00-f00fab8d7812,writical.com,writical.com/
00d3,1.50155E+12,00d3597f-2471-4400-ac33-75637f88359d,theclever.com,theclever.com/
00aa,1.50155E+12,00aa5595-a53b-4d00-a970-2c94f1646074,aol.com,aol.com/
00ca,1.50155E+12,00ca5968-ae1e-4c00-a6d3-50513bbe2119,juliasalbum.com,juliasalbum.com/2016
73,1.50155E+12,007358fe-19f4-4500-b55b-8ecef68d2469,charlotteobserver.com,charlotteobserver.com/
2,1.50155E+12,0002d516-49e6-4690-8739-b95ad459d37c,apple.com,apple.com/app
004a,1.50155E+12,004a597b-6793-4400-8ffc-ef4a761547a9,yahoo.com,yahoo.com/
005b,1.50155E+12,005b5460-3700-4b00-9a98-af7b4cc6367b,nbc4i.com,nbc4i.com/category
0.00E+00,1.50155E+12,00e2583d-dab9-4500-8964-8ff61e61c058,quizly.co,quizly.co/build-a-salad-and-we-will-tell-you-what-age-you-will-live-to
64,1.50155E+12,00645629-3299-4600-a84e-2ca5f6ae63cd,dorkly.com,dorkly.com/
0.00E+00,1.50155E+12,00e9596f-a404-4500-acd2-f2ddf1243505,coolmath-games.com,coolmath-games.com/1-complete-game-list
96,1.50155E+12,009658b7-17b7-4b00-9c0c-551c6dc28fd7,univision.com,univision.com/deportes
005b,1.50155E+12,005b5975-e6ed-4200-8815-0013324104ca,rt.com,rt.com/
0.00E+00,1.50155E+12,00e35947-03c0-4a00-ae93-65457df3e031,factinate.com,factinate.com/interesting
003c,1.50155E+12,003c5741-269b-4c00-a88b-27aac9d81b8b,zimbio.com,zimbio.com/quiz
009c,1.50155E+12,009c593b-2241-4100-8cd3-0e31afe3c199,itsmycareer.com,itsmycareer.com/employers
84,1.50155E+12,008404cf-69cc-49bc-0f1e-20ce3b46b932,spanishdict.com,spanishdict.com/translate
88,1.50155E+12,008857d5-dd3f-4d00-9e6e-a2ebd05cd92d,oola.com,oola.com/restaurants
0.00E+00,1.50155E+12,00e55858-86f5-4600-907c-8c6b74a80df7,accuweather.com,accuweather.com/en
0.00E+00,1.50155E+12,00e65980-cc58-4c00-9bce-08bd1dd5f9d2,pcgamer.com,pcgamer.com/twitch-plays-pubg-and-has-already-managed-to-finish-third-place-in-a-game
85,1.50155E+12,0085594b-2a14-4a00-8490-6ccab9156fcb,hotrodhotline.com,hotrodhotline.com/forsale
8,1.50155E+12,000858f8-1ba5-4a00-858b-a3b7dda1e48a,people.com,people.com/
92,1.50155E+12,00925901-241e-4c00-adb8-33d411540a67,pch.com,pch.com/slotsgameplay
001f,1.50155E+12,001f63e9-be4e-4c2e-a0a2-c3682177a5ca,google.com,google.com/store
9,1.50155E+12,00095979-4cd2-4200-bc1a-a0c382478692,webmd.com,webmd.com/
22,1.50155E+12,00225980-ceb7-4600-aa95-60bc76b55e5d,autooverload.com,autooverload.com/unexplainable-rare-photos-from-the-past-2
44,1.50155E+12,004458b5-dce9-4c00-badc-f7be5e917a52,definition.org,definition.org/love-lucy-fun-facts-havent-heard
00c0,1.50155E+12,00c057bc-4bcb-4600-839f-4c2f9bb2409a,westeros.org,westeros.org/index.php
00f9,1.50155E+12,00f958c4-5720-4100-a408-4f6afd063f33,zoo.com,zoo.com/quiz
67,1.50155E+12,006758a0-8353-4800-ba58-9ca2995bffe2,diply.com,diply.com/art-modern-culture-apocalypse%3Futm_source=facebook&amp;utm_medium=shared3
2,1.50155E+12,000254df-8ba6-4600-ac8f-8f904ba1f1c1,facebook.com,facebook.com/zynga
0.00E+00,1.50155E+12,00e8f6f1-7da8-4ea5-8008-9711c5ceb0fa,apple.com,apple.com/app
84,1.50155E+12,00845909-ad00-4c00-8c10-940dc6389bf7,reddit.com,reddit.com/
90,1.50155E+12,00905980-c66b-4600-9808-56552620c31d,radiopaedia.org,radiopaedia.org/
2,1.50155E+12,00025969-ef58-4300-80bd-da93b6c8885b,boredpanda.com,boredpanda.com/
74,1.50155E+12,00745625-883f-4500-9b0d-f7fe480e421b,yahoo.com,yahoo.com/
008b,1.50155E+12,008b596d-57b7-4000-87e0-2c41b4f28ccd,tuasaude.com,tuasaude.com/como-perder-barriga-depois-da-gravidez
00d7,1.50155E+12,00d74b4f-15df-492f-b5b2-53e5f876dbef,babygaga.com,babygaga.com/
95,1.50155E+12,00955f6a-3b3e-4850-8878-14a6ac91e886,google.com,google.com/store
64,1.50155E+12,0064589f-93d3-4c00-83a2-30287eacb3eb,thethings.com,thethings.com/15-highly-inappropriate-texts-that-never-needed-to-be-sent
76,1.50155E+12,00765948-dc7f-4b00-9d30-8ff01c53fdbd,plox.com.br,plox.com.br/
002c,1.50155E+12,002c58d0-73af-4f00-993e-728dc5262aa6,tunein.com,tunein.com/
80,1.50155E+12,0080570e-a92d-4800-b2ea-d94a1032755d,mlb.com,mlb.com/news
00ac,1.50155E+12,00ac57c2-5046-4500-93a4-99a44cc0a879,mdzol.com,mdzol.com/
76,1.50155E+12,00765967-745a-4f00-a606-1a49f1824843,meteomedia.com,meteomedia.com/ca
006d,1.50155E+12,006d596b-972e-4100-ac61-78f96e0e1008,accuweather.com,accuweather.com/en
002b,1.50155E+12,002b5695-61b6-4200-92e4-c88908fe216b,foxnews.com,foxnews.com/
00d7,1.50155E+12,00d7597e-8a0d-4f00-a4ed-34430bdfa837,macworld.co.uk,macworld.co.uk/news
00b1,1.50155E+12,00b158d4-1482-4200-a572-feb3c956f895,latest.com,latest.com/
78,1.50155E+12,0078594b-59b1-4000-9f46-b9a1fa58eef5,zoo.com,zoo.com/quiz
18,1.50155E+12,001857bd-1cf6-4200-966d-d88b39d58850,screenrant.com,screenrant.com/actors-actresses-refuse-work-together-hollywood-feuds-rivalries
00df,1.50155E+12,00df5732-9b02-4600-8e70-e1194632ba02,cnn.com,cnn.com/
70,1.50155E+12,0070547f-d977-4400-95bd-91caed73d85b,foxnews.com,foxnews.com/
35,1.50155E+12,003557bf-7a38-4200-924b-b239125c71fc,seekingalpha.com,seekingalpha.com/
21,1.50155E+12,00215920-7b27-4b00-bb1f-4df92587e2d3,spanishdict.com,spanishdict.com/translation
00c6,1.50155E+12,00c6564b-c6ae-4600-a280-47e1dd7047e6,bitlanders.com,bitlanders.com/movie
74,1.50155E+12,0074e699-ba1d-4745-8140-80f9e5686f63,google.com,google.com/store
006d,1.50155E+12,006d5958-7783-4d00-825a-2409f85ffc68,curejoy.com,curejoy.com/content
8,1.50155E+12,0008313e-42df-4efd-bf2f-52ef6f48eaca,google.com,google.com/store
42,1.50155E+12,00425642-9eb2-4f00-a784-bb2202c71ddc,netzero.net,netzero.net/webmail
30,1.50155E+12,00300a5f-eb77-42c9-8b49-dda22b1c8ebd,google.com,google.com/store
004e,1.50155E+12,004e3866-f4e5-4991-83f3-0883383fe62f,curioushistorian.com,curioushistorian.com/hottest-pictures-taken-before-and-during-the-groovy-era
00b1,1.50155E+12,00b1585f-a9a9-4600-ac64-6d4e40b6211d,thetalko.com,thetalko.com/15-gym-fail-girls-you-need-to-see
16,1.50155E+12,00165977-a349-4100-a0cc-574368009dd5,aol.com,aol.com/article
83,1.50155E+12,00835943-fd58-4f00-b397-c305674200fc,therichest.com,therichest.com/#11084052
009f,1.50155E+12,009f5921-e006-4700-b961-d4fabd50a98a,howstuffworks.com,howstuffworks.com/
00af,1.50155E+12,00af560d-dfdc-4400-9192-52bc28242728,thethings.com,thethings.com/15-pictures-that-prove-teenagers-have-gone-too-damn-far
00ab,1.50155E+12,00ab5960-d9fc-4200-93c9-5f086b19ea63,nbcchicago.com,nbcchicago.com/news
00ec,1.50155E+12,00ec5980-c490-4800-a300-246e432d6d0a,wordplays.com,wordplays.com/#11156282
00aa,1.50155E+12,00aa5595-a53b-4d00-a970-2c94f1646074,aol.com,aol.com/
61,1.50155E+12,006153be-ebad-4500-b922-908e541db3b9,worldlifestyle.com,worldlifestyle.com/celebs
73,1.50155E+12,00732e98-377a-48a4-a4e3-87be82e6117b,google.com,google.com/store
00f0,1.50155E+12,00f053ca-2384-4b00-94db-680fc2bde81a,zynga.com,zynga.com/
00fa,1.50155E+12,00fa5963-1776-4a00-a50d-725915fb8277,people.com,people.com/babies
001a,1.50155E+12,001a592d-d2d5-4d00-b6c9-22bc38962c65,damndelicious.net,damndelicious.net/
00bb,1.50155E+12,00bb5681-37d4-4f00-a0eb-4065faece481,foxnews.com,foxnews.com/
00a0,1.50155E+12,00a057ec-cd26-4c00-8f06-13b54e10fa27,mundoprimaria.com,mundoprimaria.com/reproductor-de-audio
00bd,1.50155E+12,00bd570f-1588-4e00-b8ae-c98211d21326,accuweather.com,accuweather.com/en
47,1.50155E+12,00475960-53a8-4800-8105-fb15a98a0253,motorcyclistonline.tv,motorcyclistonline.tv/feature
97,1.50155E+12,00975975-0791-4300-969e-d57f71ed4d84,expat.com,expat.com/
007d,1.50155E+12,007d58d6-5e79-4800-8b6d-5ce3966ad968,diply.com,diply.com/pants-on-fire%3Futm_source=facebook&amp;utm_medium=free-flys
002f,1.50155E+12,002f5979-292b-4600-8a90-61d9ad635cf5,perezhilton.com,perezhilton.com/
00bd,1.50155E+12,00bd57c1-0a59-4800-af02-c8c4d604d75b,trueactivist.com,trueactivist.com/littlegirl-beganacting-strangely-installed-spycamera-revealed-startlingtruth-aboutnanny-gallery
34,1.50155E+12,00345645-12bf-4100-83de-d7a0b9c0eac5,thehollywoodgossip.com,thehollywoodgossip.com/
56,1.50155E+12,00565941-a047-4b00-a556-3aa1dc29a5c9,wikia.com,wikia.com/wiki
00bd,1.50155E+12,00bd2e33-ed4f-4428-bdfa-cd74bd237547,usatoday.com,usatoday.com/story
00cb,1.50155E+12,00cb592c-a100-4f00-89ee-2891b4119de6,olx.com.br,olx.com.br/regiao-de-petrolina-e-garanhuns
00ab,1.50155E+12,00ab5961-9df6-4f00-b629-580fa8807ef4,spanishdict.com,spanishdict.com/answers
63,1.50155E+12,00635916-315e-4c00-8327-67a134ee6040,zoo.com,zoo.com/
00a3,1.50155E+12,00a35964-20d3-4900-b4e2-d6b9487dfe20,salon.com,salon.com/
45,1.50155E+12,004558ec-ebc8-4800-9422-5cb729891536,equibase.com,equibase.com/static
28,1.50155E+12,002840fa-132e-4f89-9d35-844669c8b2a9,sbnation.com,sbnation.com/mlb
0.00E+00,1.50155E+12,00e75923-4d35-4200-baf7-39c7c3eade09,titicrafty.com,titicrafty.com/2016
009a,1.50155E+12,009a55e2-1d28-465c-997e-a6b074da7bb2,wcax.com,wcax.com/
00a5,1.50155E+12,00a5596f-ba93-4d00-9838-bc0eb4b84857,math-aids.com,math-aids.com/cgi
002e,1.50155E+12,002e593f-136c-4b00-be17-ccead8a64868,oprah.com,oprah.com/a107
00f6,1.50155E+12,00f65977-35f4-4500-ab0e-cdd894e7d404,yahoo.com,yahoo.com/
007e,1.50155E+12,007e5830-afe0-4000-b0b0-1c7629554370,unilad.co.uk,unilad.co.uk/tv
00aa,1.50155E+12,00aa5973-9aef-4f00-8eb7-96e48981617b,ebay.com,ebay.com/
1,1.50155E+12,00015831-c278-4e00-92f8-c4cc9bb630a1,y8.com,y8.com/tags
33,1.50155E+12,00335980-cc68-4e00-a9ef-9da589b9c40a,vvdailypress.com,vvdailypress.com/sports
009b,1.50155E+12,009b597f-653a-4100-b353-172d0363c716,onlinevideoconverter.com,onlinevideoconverter.com/pt
007a,1.50155E+12,007a57c5-8d19-4b00-bdbb-7bcb66bc50fa,bigbrothernetwork.com,bigbrothernetwork.com/big-brother-19-halting-hex-explained
009c,1.50155E+12,009cd2d3-af63-4272-a783-fe4b6cf65779,google.com,google.com/store
95,1.50155E+12,0095597e-2b30-4400-8c5c-34fe9f65f3f4,cnn.com,cnn.com/
66,1.50155E+12,0066593b-2acf-4c00-af18-232f09e81b4b,ditchthecarbs.com,ditchthecarbs.com/
0.00E+00,1.50155E+12,00e15933-eeee-4b00-acbf-8a9c2fc672dd,lifebuzz.com,lifebuzz.com/women-cheating
92,1.50155E+12,009258eb-e844-4200-a5b9-17ec53794b63,sixdollarfamily.com,sixdollarfamily.com/copycat-olive-garden-chicken-fettuccine-alfredo
00f2,1.50155E+12,00f22348-f3b1-46fb-8c10-c8956a3a9f63,boredomtherapy.com,boredomtherapy.com/photographer-falls
009e,1.50155E+12,009e5955-905f-4d00-acc4-7a7caf143584,roblox.com,roblox.com/
005a,1.50155E+12,005a5980-c357-4a00-8e01-0c4b022fc65c,healthline.com,healthline.com/health
78,1.50155E+12,00785941-8fed-4d00-a58e-ceb42df3c62e,phonearena.com,phonearena.com/news
009d,1.50155E+12,009d5946-beeb-4f00-9768-de9779408552,claroideas.com,claroideas.com/wap5argentina
00c2,1.50155E+12,00c221af-10a3-44e7-a9c1-c4d18ddd2150,dustyoldthing.com,dustyoldthing.com/home-decor-trends
00ac,1.50155E+12,00ac5964-a739-4b00-baed-44cd85b1dd93,pocket-lint.com,pocket-lint.com/
55,1.50155E+12,00555980-bda7-4b00-8f8c-2abd9e55bf7b,juliasalbum.com,juliasalbum.com/2014
51,1.50155E+12,00515719-8c34-4200-b015-923b0f289fad,mail.yahoo.com,mail.yahoo.com/neo
006b,1.50155E+12,006b592c-e1fb-4f00-951b-ac4be6028129,magiquiz.com,magiquiz.com/quiz
14,1.50155E+12,0014597f-5f8e-4a00-bd37-86c25a07e514,msn.com,msn.com/
007f,1.50155E+12,007f0b87-28d2-4581-85b7-a76f3782a880,facty.com,facty.com/ailments
93,1.50155E+12,00935912-9410-4e00-a16e-29ea966c2460,seminovosbh.com.br,seminovosbh.com.br/comprar
29,1.50155E+12,00295715-327e-4600-88d0-109b97d20fe2,babygaga.com,babygaga.com/14-celebs-who-love-themselves-more-than-their-own-kids
006b,1.50155E+12,006b4b4f-e0ed-469d-a961-c7824f6a956d,google.com,google.com/store
94,1.50155E+12,00945844-554f-4c00-8d3a-0dc51fc8c21d,cnn.com,cnn.com/videos
00d1,1.50155E+12,00d15903-6a68-4f00-879e-b65cbf5fb88b,culturamix.com,culturamix.com/datas-comemorativas
84,1.50155E+12,0084588f-9aa3-4900-a317-a146f3bf2176,linkedin.com,linkedin.com/
005b,1.50155E+12,005b1aac-a493-4048-b143-bd68729240c6,weather.com,weather.com/
63,1.50155E+12,00635980-ceaa-4d00-913a-d54afd5d221f,zoo.com,zoo.com/quiz
9,1.50155E+12,000958ec-23a4-4b00-984b-79567508960a,historyinorbit.com,historyinorbit.com/china-weapons-puppies-world-quaking-boots
00f6,1.50155E+12,00f658f8-dcca-4b00-a80f-c65efde33202,guff.com,guff.com/this-pit-bull-wouldnt-give-birth-and-her-owners-couldnt-believe-the-x-rays%3Futm_source=fb_sarcasm&amp;utm_medium=fbp&amp;utm_campaign=acq_20170731_3239_d-f-us-3544&amp;utm_content=this-pit-bull-wouldnt_25433
00a4,1.50155E+12,00a4900e-0484-4bfe-95f0-9f25817dc67f,apple.com,apple.com/app
00b2,1.50155E+12,00b2594b-ca10-4100-8cb4-27df846be0d8,openx.net,openx.net/mw
009f,1.50155E+12,009f0207-13a6-4f25-89c5-3042c29102e1,stylecaster.com,stylecaster.com/
92,1.50155E+12,00925479-ecf2-4a00-921e-4fefc4cb97b2,ebay.com,ebay.com/
001e,1.50155E+12,001e0874-2a9b-47df-a6e9-95daa0929d61,worldation.com,worldation.com/stories
0.00E+00,1.50155E+12,00e85794-a322-4800-9066-e47eccefe2de,thetalko.com,thetalko.com/20-pictures-nicole-richie-doesnt-want-you-to-see
00dd,1.50155E+12,00dd5870-f5fb-4f00-80c9-ee94ae0a4560,topix.com,topix.com/quiz
00c2,1.50155E+12,00c258ac-d08d-4700-ade7-7709c6ae804e,sportingz.com,sportingz.com/opinions
00bd,1.50155E+12,00bd57c1-0a59-4800-af02-c8c4d604d75b,trueactivist.com,trueactivist.com/littlegirl-beganacting-strangely-installed-spycamera-revealed-startlingtruth-aboutnanny-gallery
42,1.50155E+12,00425972-fb78-4d00-8331-85f7f8f56748,pch.com,pch.com/bonus-game
17,1.50155E+12,00175797-10d0-4700-9cb2-22b00091ea41,americanupbeat.com,americanupbeat.com/woodstock-photos-sure-blow-away
20,1.50155E+12,0020439a-da3a-4785-8cde-bb994f7aa779,apple.com,apple.com/app
002f,1.50155E+12,002f5917-966b-4600-9dc3-5fed00d0260a,wattpad.com,wattpad.com/
007a,1.50155E+12,007a566f-3767-4800-ac58-2e4c47f7e239,cinepolisklic.com,cinepolisklic.com/User
11,1.50155E+12,00115906-9d03-4600-92dc-86675cb8cd05,mail.yahoo.com,mail.yahoo.com/
00f0,1.50155E+12,00f0595e-5f50-4f00-b2bc-c855bd213e71,meteofrance.com,meteofrance.com/previsions-meteo-france
45,1.50155E+12,0045593b-2370-4400-a48b-0eb2ff24656e,diethood.com,diethood.com/one-pan-chicken-piccata-rice
68,1.50155E+12,00685943-2d94-4500-b164-18b4aebb5933,letras.mus.br,letras.mus.br/arnaldo-antunes
00ac,1.50155E+12,00ac5964-a739-4b00-baed-44cd85b1dd93,pocket-lint.com,pocket-lint.com/
94,1.50155E+12,00945924-8e31-4200-a75d-19f151e214fc,gosugamers.net,gosugamers.net/
00bc,1.50155E+12,00bc55e4-fa66-4400-9fc9-d1302668deb1,cuteness.com,cuteness.com/41083
5,1.50155E+12,00055942-b179-4e00-88dd-9258a6029020,diep.io,diep.io/
0.00E+00,1.50155E+12,00e3597f-5eb6-4f00-83c7-fd6a5f43ccfd,oovoo.com,oovoo.com/Friends
97,1.50155E+12,009757be-d02c-4000-950e-130016c27ff5,zoo.com,zoo.com/quiz
001e,1.50155E+12,001e53f8-00d9-4500-8d2a-757b6118b902,kiwireport.com,kiwireport.com/things-didnt-know-tom-selleck
24,1.50155E+12,00240cf5-7e7e-4d1a-b477-2bca59f10468,allrecipes.com,allrecipes.com/
004f,1.50155E+12,004f566a-d42c-4b00-acbb-cd989004ba8c,sweetsimplevegan.com,sweetsimplevegan.com/2017
00bf,1.50155E+12,00bf5792-3cda-4c00-a92f-5ed033eee9a4,washingtonjournal.com,washingtonjournal.com/2017
00d3,1.50155E+12,00d35768-e97c-4200-acc1-a9a7735f47f1,overwolf.com,overwolf.com/ads
008a,1.50155E+12,008a5429-6dac-4500-97d5-1ac8bc23debe,baseball-reference.com,baseball-reference.com/players
00b8,1.50155E+12,00b857a9-03dc-4000-900f-40eb0c1d0bec,mail.yahoo.com,mail.yahoo.com/
00a3,1.50155E+12,00a3596c-3939-4f00-b1e0-27ca2e0defda,quizony.com,quizony.com/what-type-of-woman-should-you-marry
69,1.50155E+12,00695d0c-c386-4b7e-918b-692b4ba16b5f,google.com,google.com/store
49,1.50155E+12,0049592b-e856-4500-94a5-9087fcf55163,mlb.com,mlb.com/
48,1.50155E+12,0048597d-fe60-4300-a817-e42ece392312,mail.yahoo.com,mail.yahoo.com/neo
00f3,1.50155E+12,00f35964-6004-4e00-8199-c1caf81ea551,mail.yahoo.com,mail.yahoo.com/neo
00b5,1.50155E+12,00b55863-081f-4a00-88c4-731415161ec3,businessinsider.com,businessinsider.com/
38,1.50155E+12,0038587c-4e0f-4900-8bfc-04a05c0a5ccc,reddit.com,reddit.com/r
84,1.50155E+12,0084597e-8115-4300-999b-f13c944f9a2a,espn.com,espn.com/mlb
17,1.50155E+12,001758e0-bb0a-4e00-9d58-4d93c86d1716,kijiji.ca,kijiji.ca/
00f6,1.50155E+12,00f6596d-14e6-4600-b3b9-05914600701d,yahoo.com,yahoo.com/sports
14,1.50155E+12,0014580c-bfac-4600-95c8-45e163fa1e63,yahoo.com,yahoo.com/
93,1.50155E+12,009351dc-f4d0-4a00-b7fb-28f3c3f764fb,google.com,google.com/store
002b,1.50155E+12,002b56e0-6cb6-4000-b5db-a6da300993ec,activebeat.co,activebeat.co/
59,1.50155E+12,00595951-0320-4400-8e4c-e56880b86b1e,magiquiz.com,magiquiz.com/quiz
002c,1.50155E+12,002c5958-2d38-4400-88df-e50872a63008,olx.com.br,olx.com.br/belo-horizonte-e-regiao
44,1.50155E+12,0044597f-8909-4100-bd8a-c10711a34a3d,topix.com,topix.com/quiz
00be,1.50155E+12,00be5703-e1d3-4c00-9b7b-5988807e4d51,aquabid.com,aquabid.com/
007a,1.50155E+12,007a58f5-5e0f-4200-9b10-cd65ee8c851a,tagged.com,tagged.com/browse
71,1.50155E+12,00715980-bfa9-4400-b9ed-62a922263b65,newsarama.com,newsarama.com/35747-damian-gets-first-crush-has-leadership-challenged-in-teen-titans.html
75,1.50155E+12,00755938-404e-4700-820d-8ce655b30fe7,xeu.com.mx,xeu.com.mx/radioplayer
62,1.50155E+12,0062597e-0f4c-4e00-b79a-04ee5161bba9,rumble.com,rumble.com/v3635r-kids-cut-their-own-hair.html
00a0,1.50155E+12,00a0597a-910f-4f00-ac45-c14483a19a1e,ebay.com,ebay.com/
0.00E+00,1.50155E+12,00e056b8-cd15-4c00-804c-49b260ac2971,overstock.com,overstock.com/shopping
007f,1.50155E+12,007f58ab-9ac4-4400-90fe-39bbf5b1792f,snoopeletronicos.com,snoopeletronicos.com/tocomlink-aposta-no-dongle-crypto-acm-para-2017
005b,1.50155E+12,005b5964-d003-4b00-9734-ef332a3a5888,msn.com,msn.com/en-us
006e,1.50155E+12,006e5979-e42f-4800-b126-4198715cfaa0,dingit.tv,dingit.tv/highlight
007c,1.50155E+12,007c5940-5a32-4900-ad7f-6111a1ec4cd8,perlmaven.com,perlmaven.com/
00ec,1.50155E+12,00ec57e0-7715-4f00-9e59-512be8b7c5aa,littlethings.com,littlethings.com/family-newborn-another-baby
46,1.50155E+12,0046597a-f0fd-4400-bb22-6c5ea17f4af5,cafepharma.com,cafepharma.com/boards
00a6,1.50155E+12,00a64740-b3c4-4bef-8647-5f4f4af2d806,google.com,google.com/store
0.00E+00,1.50155E+12,00e1051d-3df4-42e4-b7b6-4afd12b81242,cnn.com,cnn.com/
77,1.50155E+12,0077597e-fd0e-4e00-9aa3-91e8b6711269,historyinorbit.com,historyinorbit.com/24-north-korean-military-photos-that-are-scaring-the-entire-planet
00a3,1.50155E+12,00a3596e-a153-4500-a78d-7ddac4960380,ebay.com,ebay.com/
71,1.50155E+12,00715980-a934-4400-98c2-5a3883cb8d49,pch.com,pch.com/vipgameplay
001e,1.50155E+12,001e58c7-4ca2-4200-9afd-2b4a2a26899a,smh.com.au,smh.com.au/
4,1.50155E+12,00045946-d8f4-4800-9511-a01122392f88,historyinorbit.com,historyinorbit.com/no-not-photoshop-look-closer-insane-historic-photos
002c,1.50155E+12,002c563e-cfb9-4800-a72e-6a331ba55391,google.com,google.com/store
98,1.50155E+12,009858c9-8c2a-4f00-a0de-3695fd60d6e4,gameofglam.com,gameofglam.com/impresionantes-casas-de-celebridades-esperamos-que-tengan-un-muy-buen-seguro-inmobiliario
48,1.50155E+12,004854df-ffc3-4400-897d-f1d304a63357,prizegrab.com,prizegrab.com/prize
5,1.50155E+12,000558e9-cb41-4100-bdd5-5a87accaf0b2,thesportster.com,thesportster.com/wrestling
004a,1.50155E+12,004a597e-6336-4100-a421-26f7d24a7140,ib-game.jp,ib-game.jp/
0.00E+00,1.50155E+12,00e858e1-baee-4700-a7e8-a51a8dd2713d,driverguide.com,driverguide.com/
8,1.50155E+12,0008591a-f440-4900-a265-b8b151812c5b,therichest.com,therichest.com/
44,1.50155E+12,00445975-c322-4b00-bf10-131fb92e0cf1,msn.com,msn.com/es-co
67,1.50155E+12,00675968-7610-4900-9999-11d5165ad140,digitallpost.com.mx,digitallpost.com.mx/cultura
0.00E+00,1.50155E+12,00e3155a-277b-4303-9941-b10a6c0d5789,walmart.com,walmart.com/ip
10,1.50155E+12,0010597c-874b-4900-8b69-405b0c9c9c95,weather.com,weather.com/
00de,1.50155E+12,00de550a-7a19-4500-8bda-51e49fa25dbd,cnn.com,cnn.com/
00b6,1.50155E+12,00b622a2-f829-46c5-ac21-a2910e513393,alphamom.com,alphamom.com/family-fun
00dc,1.50155E+12,00dc5948-4cd5-4000-aaa1-bcd52207ab38,apartmentguide.com,apartmentguide.com/apartments
73,1.50155E+12,007353ff-85b9-4d00-9b83-fc3768f85d72,fextralife.com,fextralife.com/PvE+Builds
00ab,1.50155E+12,00ab58ec-e16e-4500-b0f3-15dfa73ccc48,dingit.tv,dingit.tv/highlight
006c,1.50155E+12,006c56db-965f-4800-9a7f-a0f423a5f969,comicbookmovie.com,comicbookmovie.com/spider-man
00df,1.50155E+12,00df590f-a5f4-4500-aeec-33ae3b5ddc56,thesportster.com,thesportster.com/wrestling
005f,1.50155E+12,005f57dc-6316-4300-b270-097f4a5a786e,watch2gether.com,watch2gether.com/rooms
009a,1.50155E+12,009a596d-7997-4300-9041-8a06147ec057,ranker.com,ranker.com/list
003a,1.50155E+12,003a335b-f117-4c1a-bd94-524edd71761f,popularscience.tv,popularscience.tv/feature
000f,1.50155E+12,000f5681-b39d-4300-a4cb-321137eb9fd3,kijiji.ca,kijiji.ca/
15,1.50155E+12,0015b763-cb49-4e95-a76c-fa5fc6f585c5,apple.com,apple.com/app
46,1.50155E+12,0046d380-d705-4d77-8bc9-ab14b5a215b9,apple.com,apple.com/app
00b3,1.50155E+12,00b33208-e8db-470f-9550-e17d7602de56,zynga.com,zynga.com/
009a,1.50155E+12,009a5961-26c0-4b00-a9be-0e3751138535,scribol.com,scribol.com/a
59,1.50155E+12,0059577c-5279-4e00-970e-d591e9d15afb,globoesporte.globo.com,globoesporte.globo.com/
2,1.50155E+12,0002577d-4cc4-4700-bd6a-9995b780633d,minimalistbaker.com,minimalistbaker.com/the-best-gluten-free-pizza-crust-sauce
98,1.50155E+12,00980f9b-decb-4292-bdb1-83d4dd49c891,thechive.com,thechive.com/elshaggy12
74,1.50155E+12,007457da-ffac-4600-a802-b2705b697918,globaltv.com,globaltv.com/bigbrother
004d,1.50155E+12,004d1617-d409-48f4-2c1f-5121d68fc3bf,apple.com,apple.com/app
00cb,1.50155E+12,00cb555c-bd98-4300-a7a5-16eaf39d5ffd,247sports.com,247sports.com/
003c,1.50155E+12,003c552c-6c01-4b00-b800-1111bbef659b,foxnews.com,foxnews.com/
60,1.50155E+12,00605862-d192-4600-839a-cb3fef2e4480,movieweb.com,movieweb.com/movies
00ac,1.50155E+12,00ac575c-a115-4e00-ba62-71f7d23bff10,worldlifestyle.com,worldlifestyle.com/arts-entertainment
00fe,1.50155E+12,00fe5980-cd09-4f00-9b95-0ff4b851c0ef,ctvnews.ca,ctvnews.ca/mobile
0.00E+00,1.50155E+12,00e63fe7-931d-4a8a-898c-e99bb6bac54b,reddit.com,reddit.com/
24,1.50155E+12,00245920-905c-4f00-9301-c7220b397e0c,espanol.yahoo.com,espanol.yahoo.com/
00f2,1.50155E+12,00f25914-bb01-4300-ac00-fb7c2117a49d,toofab.com,toofab.com/2017
17,1.50155E+12,001757b0-eee4-4000-bc9b-fb00eb9602e3,olx.com.br,olx.com.br/busca
15,1.50155E+12,00155980-c584-4d00-a2d4-5dafdd34a7e8,therichest.com,therichest.com/world-entertainment
00ca,1.50155E+12,00ca5949-263f-4b00-bbaa-49905840a913,refinery29.com,refinery29.com/b162
0.00E+00,1.50155E+12,00e75685-7814-4100-a99e-d152b59f75bc,citationmachine.net,citationmachine.net/apa
007a,1.50155E+12,007a58e8-b802-4d00-86fc-a49d16febaa8,wsj.com,wsj.com/
005f,1.50155E+12,005f579b-4b11-4300-b722-bf73ace5caf6,wetpaint.com,wetpaint.com/favorite-90s-child-stars-then-and-now-1576066
005d,1.50155E+12,005d57dd-5160-4f00-9f70-71e8a2201705,mail.yahoo.com,mail.yahoo.com/
79,1.50155E+12,00795922-b425-4900-925b-f59dd3d5aada,google.com,google.com/store
00b3,1.50155E+12,00b357c2-1bee-4800-bb79-b2a6b7ff9045,screenrant.com,screenrant.com/#11153512
39,1.50155E+12,00399db8-22f8-402c-a32d-abd1471f89ce,google.com,google.com/store
40,1.50155E+12,0040593b-1e28-4100-a612-de4492ddfe16,wheretoget.it,wheretoget.it/loveloveanita
008d,1.50155E+12,008d189b-4a43-4c93-b0bc-32fa2a092989,growingajeweledrose.com,growingajeweledrose.com/
00b3,1.50155E+12,00b35975-6e50-4200-a84e-40b1898660e5,koreaboo.com,koreaboo.com/buzz
00bf,1.50155E+12,00bf5944-9d9f-4a00-962b-9008e79ae008,rambler.ru,rambler.ru/
003e,1.50155E+12,003e563a-5d64-4d00-8cb1-81a38323e8fd,nypost.com,nypost.com/2017
19,1.50155E+12,00195955-2126-4200-bce6-7c743c22147b,quizzclub.com,quizzclub.com/questions
9,1.50155E+12,000958e5-f844-4b00-82ef-3b02f18f885d,google.com,google.com/store
00d9,1.50155E+12,00d9561c-4847-4d00-b617-f07031036064,msn.com,msn.com/
42,1.50155E+12,004232d9-76e9-42fc-8bd1-35d716a20b2e,sparkpeople.com,sparkpeople.com/recipe-detail.asp
001f,1.50155E+12,001f28c6-a5f9-4a35-bc99-8202870cb52b,apple.com,apple.com/app
00c0,1.50155E+12,00c05950-1a39-4300-80a6-5001021dac61,bonk.io,bonk.io/
65,1.50155E+12,006558d3-c940-4500-a38c-39c0f3157c94,latimes.com,latimes.com/
00f1,1.50155E+12,00f1597f-16f2-4f00-8c16-20532a451b42,ninjajournalist.com,ninjajournalist.com/
20,1.50155E+12,00205923-4ab0-4600-8136-ab365d3417d7,worldlifestyle.com,worldlifestyle.com/shocking
22,1.50155E+12,00225282-e3cf-4200-ba6c-70d81fe51d23,inhabitat.com,inhabitat.com/how-to-grow-an-avocado-tree-from-an-avocado-pit
0.00E+00,1.50155E+12,00e55428-9fd8-4c00-9338-6f58c45e1196,ebay.com,ebay.com/
3,1.50155E+12,0003597a-29d6-4c00-b25b-289deecbf4b4,foreverymom.com,foreverymom.com/
002c,1.50155E+12,002c5662-5db1-4400-ab4d-fdc5eb459314,uol.com.br,uol.com.br/
00f4,1.50155E+12,00f4591d-b3ac-4a00-85e1-8630846f0467,delugerpg.com,delugerpg.com/battle
45,1.50155E+12,00455397-a1bb-4400-9318-59b4c298423f,motorcyclistonline.tv,motorcyclistonline.tv/feature
00b2,1.50155E+12,00b2594e-c76a-4c00-86b4-a46efc928737,mundo.com,mundo.com/entretenimiento
59,1.50155E+12,005953b5-ca9b-4f00-ba0b-71e8b9a28125,fleaflicker.com,fleaflicker.com/nfl
0.00E+00,1.50155E+12,00e6561d-de12-4300-83c0-f692ec96dc61,wikia.com,wikia.com/wiki
10,1.50155E+12,001057f4-0f8c-4100-9d20-081529f4f512,smbc-comics.com,smbc-comics.com/comic
002b,1.50155E+12,002b595d-0be2-4e00-94a2-d97140e03855,drudgereport.com,drudgereport.com/
42,1.50155E+12,00425939-735b-4b00-b7e3-f5f025875502,theguardian.com,theguardian.com/commentisfree
008b,1.50155E+12,008b9f84-3320-4293-9cd0-c7a6228d48a8,google.com,google.com/store
00a6,1.50155E+12,00a65980-d0ea-4a00-9648-575d2ae6654c,vonvon.me,vonvon.me/mequiz
0.00E+00,1.50155E+12,00e75720-e027-4400-8804-b10962f37e9d,msn.com,msn.com/en-us
0.00E+00,1.50155E+12,00e154c5-9d76-4a00-a8fe-680a104058a7,tvtropes.org,tvtropes.org/pmwiki
00c7,1.50155E+12,00c75980-caf8-4d00-a82f-74e19a64e02f,thethings.com,thethings.com/15-highly-inappropriate-texts-that-never-needed-to-be-sent
003f,1.50155E+12,003f5683-2aea-4c00-9a52-b5f80d3d1ac5,tomshardware.com,tomshardware.com/forum
007f,1.50155E+12,007f58db-c2ff-4300-aca8-0c7c2ac3fdd6,zeword.com,zeword.com/crucigrama
00a7,1.50155E+12,00a7582a-c4a3-4d00-8a82-d6d11e7f980c,suggest.com,suggest.com/lifestyle
75,1.50155E+12,0075583a-5138-4200-93d0-6636cc067d2a,deseretnews.com,deseretnews.com/article
85,1.50155E+12,00855942-e967-4a00-a0df-02f7ed5b2fef,doityourself.com,doityourself.com/
001c,1.50155E+12,001c57b2-d1a7-4800-a872-374e4a4d02cf,screenrant.com,screenrant.com/lord-of-the-rings-fellowship-towers-return-moments
005d,1.50155E+12,005d116a-c30c-4e37-9bce-3297246c531f,ebay.com,ebay.com/
87,1.50155E+12,00875954-d354-4e00-8044-71bbf3a8f90f,babygaga.com,babygaga.com/15-celeb-child-actors-you-didnt-know-are-filthy-rich
61,1.50155E+12,006158b9-c65c-4100-9d52-a996abf692d9,icarros.com.br,icarros.com.br/ache
47,1.50155E+12,0047596c-bdeb-4700-907d-6f2d1167a2c4,greekrank.com,greekrank.com/uni
23,1.50155E+12,0023597b-7749-4600-9508-6f23fe747d34,trend-chaser.com,trend-chaser.com/sports
00d1,1.50155E+12,00d158fe-5f38-4e00-b815-4951017eeb33,pajiba.com,pajiba.com/
00f5,1.50155E+12,00f5593c-6f10-4800-ba30-bbdd17f57354,ditchthecarbs.com,ditchthecarbs.com/low-carb-starter-kit
66,1.50155E+12,0066596c-c6d8-4900-a44f-7f5b3bae0e3d,cnet.com,cnet.com/roadshow
0.00E+00,1.50155E+12,00e15912-4572-4300-9d22-96c8f567fa8e,reddit.com,reddit.com/r
00a7,1.50155E+12,00a7582a-c4a3-4d00-8a82-d6d11e7f980c,suggest.com,suggest.com/lifestyle
0.00E+00,1.50155E+12,00e4593e-2960-4300-a761-4e16c73fdb17,dailymail.co.uk,dailymail.co.uk/sciencetech
98,1.50155E+12,00985964-301e-4800-859b-735fc91cc516,retailmenot.com,retailmenot.com/view
005d,1.50155E+12,005d0cfb-f802-4e0e-9182-a403cb4c7c5a,allrecipes.com,allrecipes.com/recipe
31,1.50155E+12,00315890-b138-4700-ad71-231076295c65,mobafire.com,mobafire.com/league-of-legends
89,1.50155E+12,00895980-bbc4-4f00-9494-2bec7b3e41dc,americanow.com,americanow.com/
24,1.50155E+12,00245973-9858-4100-b304-8b001e4c555a,answers.com,answers.com/Q
009f,1.50155E+12,009f54c0-05e0-4d00-8670-ab420f1f665e,momendeavors.com,momendeavors.com/2016
00d4,1.50155E+12,00d45958-492c-4700-9dde-8e93a5ba8523,ibtimes.co.uk,ibtimes.co.uk/videos
006b,1.50155E+12,006b54f9-0c50-4100-a9cd-8d5201173ca3,hughesnet.com,hughesnet.com/
00eb,1.50155E+12,00eb58fe-8b36-4100-86fb-fc08d7aaa2cb,zynga.com,zynga.com/
00f4,1.50155E+12,00f458af-72eb-4500-ba1f-a94b44b25575,popcornpreviews.com,popcornpreviews.com/
00df,1.50155E+12,00df5479-c74b-4c00-b9f4-8a4b4c6687ca,snopes.com,snopes.com/sargento-recall-fake-news
00db,1.50155E+12,00db593b-089c-4f00-ba31-97bb0284b363,facebook.com,facebook.com/
00eb,1.50155E+12,00eb5413-41cd-4300-883f-276060267aed,foxnews.com,foxnews.com/
00c5,1.50155E+12,00c5590e-d7a9-4200-a618-df015652be34,wikia.com,wikia.com/wiki
008c,1.50155E+12,008c5972-8bc4-4a00-a1a9-93b942ee7ac8,greatergood.com,greatergood.com/clickToGive
26,1.50155E+12,0026597f-a4f6-4500-9259-2cb2bf5a698a,tvguide.com,tvguide.com/galleries
57,1.50155E+12,00575901-14e4-4d00-9e52-5b7694d141a2,magiquiz.com,magiquiz.com/quiz
62,1.50155E+12,00625927-5875-4f00-8b69-bb8a0980827a,weather.com,weather.com/
00c6,1.50155E+12,00c65980-d054-4500-aa27-ea1040e4a0dc,thethings.com,thethings.com/15-highly-inappropriate-texts-that-never-needed-to-be-sent
001e,1.50155E+12,001e597c-7c03-4e00-b177-8290266215aa,ninjajournalist.com,ninjajournalist.com/world
003d,1.50155E+12,003dcd35-f318-4105-a589-f0a07814ae47,apple.com,apple.com/app
00a5,1.50155E+12,00a55556-0fd8-4800-9f49-8901ba424d5b,equibase.com,equibase.com/static
005c,1.50155E+12,005c578a-9a4a-4c00-8f1c-d27b04a1d5f4,yahoo.com,yahoo.com/
20,1.50155E+12,0020591a-bf73-4900-999b-a9359c795a45,reuters.com,reuters.com/
00b3,1.50155E+12,00b358e3-03e4-4800-becf-7d74ef597f8a,turnto23.com,turnto23.com/
27,1.50155E+12,0027593b-1c8a-4600-8169-358f4c104cae,tomsguide.com,tomsguide.com/us
56,1.50155E+12,005658ff-8254-4000-a8fd-9080a31fa32b,bnqt.com,bnqt.com/atf300x250A.html
00c7,1.50155E+12,00c7597f-17e5-4000-8539-e3c1abf1d727,zoo.com,zoo.com/quiz
00bf,1.50155E+12,00bf5832-f67c-4c00-9177-7c5b50e6cbcc,minimalistbaker.com,minimalistbaker.com/coconut-curry-ramen
003a,1.50155E+12,003a335b-f117-4c1a-bd94-524edd71761f,workingmothertv.com,workingmothertv.com/feature
009c,1.50155E+12,009c01ae-b4a2-444b-b6d3-2b1525d2c645,zoo.com,zoo.com/
00c3,1.50155E+12,00c35955-5d33-4400-99d0-8ef2a4200996,travelwhip.com,travelwhip.com/an-illegal-look-inside-the-crazy-world-of-north-korea
54,1.50155E+12,0054384a-b624-420f-94d5-479c61811021,drudgereport.com,drudgereport.com/
0.00E+00,1.50155E+12,00e158ce-e6d4-4000-9ff8-9b6ec21ba8b6,spotify.com,spotify.com/
16,1.50155E+12,00165974-e1e9-4000-abd3-4d0dac6abcdd,tvtropes.org,tvtropes.org/pmwiki
54,1.50155E+12,00545944-3bb7-4400-8ffd-0e868ffb4995,anandabazar.com,anandabazar.com/
45,1.50155E+12,00455980-ce1f-4800-864f-9e45a2f162cb,msn.com,msn.com/es-ar
00a8,1.50155E+12,00a8559f-e26b-4200-842e-bd99eac6f675,sfgate.com,sfgate.com/
13,1.50155E+12,00135932-fad8-4b00-b033-611e75a38cc7,worldlifestyle.com,worldlifestyle.com/tvshows
0.00E+00,1.50155E+12,00e15929-ce6b-4300-9f32-cb1394d0d2e3,thefreedictionary.com,thefreedictionary.com/incautaci%C3%B3n
95,1.50155E+12,009555b7-a5e8-4c00-84ba-33a2024b9738,wowway.net,wowway.net/
43,1.50155E+12,00430611-df60-49b0-83ef-f53b336c9b93,realtor.com,realtor.com/
80,1.50155E+12,0080578f-d42d-4b00-92c6-c0b7d566c9a0,therichest.com,therichest.com/
79,1.50155E+12,007957c4-2f0a-4900-ae0a-dc75c8c56566,worldlifestyle.com,worldlifestyle.com/tvshows
00a5,1.50155E+12,00a55736-f5b4-4200-9a81-74bfcdc23d26,budgetbytes.com,budgetbytes.com/2017
00d9,1.50155E+12,00d95698-5297-4e00-b588-d7adfbc0977c,google.com,google.com/store
43,1.50155E+12,004358f5-a5b2-4900-818f-5c2439bc30b8,zoo.com,zoo.com/quiz
00d0,1.50155E+12,00d057d3-1312-4f00-8388-499c833c0e2e,lifedaily.com,lifedaily.com/story
36,1.50155E+12,003658d1-e1f5-4600-a9e6-73c05ef77ed9,listenonrepeat.com,listenonrepeat.com/
90,1.50155E+12,00905826-1f7e-4f00-a3e4-b1cf0c7a69ff,dailymail.co.uk,dailymail.co.uk/ushome
0.00E+00,1.50155E+12,00e55980-cbb9-4b00-b844-48b0a9eda0ca,bikerornot.com,bikerornot.com/User
00c3,1.50155E+12,00c35971-0f2a-4a00-976f-21fe3a8445cf,googlesyndication.com,googlesyndication.com/safeframe
59,1.50155E+12,0059597e-7915-409e-9926-ab28d6952316,culturacolectiva.com,culturacolectiva.com/musica
51,1.50155E+12,00515871-6dd6-4c00-a888-c69e730b1bbb,dailysuperheroes.com,dailysuperheroes.com/10-unanswered-questions-about-the-mcu
00d6,1.50155E+12,00d60a64-1a0d-49de-24db-78f05004b66c,blackpeoplemeet.com,blackpeoplemeet.com/v3
001e,1.50155E+12,001e5964-53c4-4f00-9b54-e9dc0d6eb920,walmart.com,walmart.com/
00b4,1.50155E+12,00b4597e-8532-4500-a971-7f066817d338,yahoo.com,yahoo.com/
93,1.50155E+12,00935463-9d63-4000-8314-ad3926bc174c,yimg.com,yimg.com/rq
7,1.50155E+12,00075970-c62c-4f00-a6a5-23058ea3dbb7,usatoday.com,usatoday.com/story
74,1.50155E+12,0074578c-f6d7-4700-b5b1-76f5c18bf6af,bulbagarden.net,bulbagarden.net/wiki
00d0,1.50155E+12,00d04d56-76d6-4429-9c40-b018a834b42e,legacy.com,legacy.com/
00c0,1.50155E+12,00c0597b-b17e-4000-867b-cb46f8682e58,wikia.com,wikia.com/wiki
005d,1.50155E+12,005d5961-a2d7-4300-aacb-33345c9745f7,countryliving.com,countryliving.com/life
18,1.50155E+12,0018597e-5912-4900-a522-91881e42c54d,lenovo.com,lenovo.com/
003b,1.50155E+12,003b589d-a917-4300-9251-5af23749eb5d,astrology.com,astrology.com/us
00d3,1.50155E+12,00d3593b-d291-4b00-8c7b-4a17f72ec90a,cartolafc.globo.com,cartolafc.globo.com/#
25,1.50155E+12,0025597e-fd42-4800-8606-196576e26496,yahoo.com,yahoo.com/
50,1.50155E+12,00505435-f95c-4600-9c23-d770c29bcce9,activebeat.com,activebeat.com/esp
00a8,1.50155E+12,00a85790-0665-4d00-ae66-396f448bd7fc,uol.com.br,uol.com.br/
00f8,1.50155E+12,00f85867-2900-4200-a414-4020e186d91c,kijiji.ca,kijiji.ca/
00a8,1.50155E+12,00a85940-9697-4c00-ae15-3189c7ef6bf4,evite.com,evite.com/event
00ae,1.50155E+12,00ae5864-cac5-4d00-b2b1-70c2a4c01b48,zoo.com,zoo.com/quiz
99,1.50155E+12,0099597e-42cb-4000-8bb1-9be0c34c8ef3,buzzworthy.com,buzzworthy.com/
004f,1.50155E+12,004f58d8-341b-4a00-a243-1911cfef5e39,worldlifestyle.com,worldlifestyle.com/tvshows
81,1.50155E+12,00815ae3-397d-4cca-998d-ef9a4689428b,google.com,google.com/store
6,1.50155E+12,00060db0-693c-43c8-95fe-c5e1bbb922fd,google.com,google.com/store
00a9,1.50155E+12,00a9581c-f3a0-4800-97ad-68d029a4b9ef,pluto.tv,pluto.tv/embed
00fd,1.50155E+12,00fd581b-a36b-4600-ac33-47b3190425df,usmagazine.com,usmagazine.com/
33,1.50155E+12,003357c2-cb5d-4b00-8306-9b4dfa0b0843,all-that-is-interesting.com,all-that-is-interesting.com/ads
003f,1.50155E+12,003f3fb4-8afa-4a32-8546-dd8098bd608b,thethings.com,thethings.com/#11153492
00ed,1.50155E+12,00ed57ef-a245-4a00-b648-edd8a5bdf21f,swingbyswing.com,swingbyswing.com/article
00a3,1.50155E+12,00a35866-93c9-4200-a76a-f949331db585,dailymotion.com,dailymotion.com/video
7,1.50155E+12,00075958-5563-4c00-9887-fed8248fe0f0,apple.com,apple.com/app
00fe,1.50155E+12,00fe5909-25ca-4800-8488-7d8372ea4574,bab.la,bab.la/dictionary
13,1.50155E+12,00135386-2dbd-4000-ad7c-7a2f1afb83df,foxnews.com,foxnews.com/
65,1.50155E+12,00655980-b15d-4000-8334-8f915d0f5223,usatoday.com,usatoday.com/
76,1.50155E+12,00765969-f187-4500-9634-b76287762d15,usedvictoria.com,usedvictoria.com/ReportSelectUsedAdPhoto2
002b,1.50155E+12,002b5840-9bbe-4100-acd7-f10ae043eecf,sbisoccer.com,sbisoccer.com/2017
000d,1.50155E+12,000d0536-ad1d-4b1c-8f18-9ef1a88fa507,livingly.com,livingly.com/the+most+expensive+celebrity+wedding+dresses
006f,1.50155E+12,006f575e-d062-4500-90cb-21e66bd8529d,eldestapeweb.com,eldestapeweb.com/
45,1.50155E+12,00455980-c6d9-4800-a031-878e54e68c93,babygaga.com,babygaga.com/15-things-the-baby-feels-during-labor-and-delivery
008f,1.50155E+12,008f597f-6c88-4100-90a1-a4128ce43712,wikia.com,wikia.com/wiki
56,1.50155E+12,005658ff-8254-4000-a8fd-9080a31fa32b,10best.com,10best.com/feature
20,1.50155E+12,00205796-95b6-4300-8790-0f0fb1a494a1,imgur.com,imgur.com/YKEbuFF
25,1.50155E+12,0025597e-fd42-4800-8606-196576e26496,yahoo.com,yahoo.com/style
000e,1.50155E+12,000e58f3-8094-4300-90f6-e544f7f46a47,extra.com.br,extra.com.br/
003a,1.50155E+12,003a5980-c40c-4900-8f78-9c6c91566ad3,therichest.com,therichest.com/world-entertainment
12,1.50155E+12,001272a2-a183-478f-8eaf-13218c8b9e96,google.com,google.com/store
30,1.50155E+12,003057e3-1ed1-4600-85f3-b0d1f39f48f5,instructables.com,instructables.com/id
00cc,1.50155E+12,00cc0563-7f2e-f430-ee29-de593e0a3519,topix.com,topix.com/slideshow
00de,1.50155E+12,00de56bc-faf4-4f00-bb8a-6ab6d198e609,mmajunkie.com,mmajunkie.com/feature
00da,1.50155E+12,00da5877-b931-4100-a247-50096cd709e8,zoo.com,zoo.com/quiz
47,1.50155E+12,004754d4-1753-4c00-91af-92ba4add91e9,boredpanda.com,boredpanda.com/funny-clothing-fails
00f7,1.50155E+12,00f75680-79ab-4d00-989d-ad49cf202fa8,lanacion.com.ar,lanacion.com.ar/
003c,1.50155E+12,003c5933-b2dc-4800-93fb-adda949f3439,healthskillet.com,healthskillet.com/two-mothers-and-baby-die-in-crash-bystander-spots-crucial-detail-in-photo
74,1.50155E+12,007457bc-3ff0-4b00-996b-ab44ed798918,facebook.com,facebook.com/onthefarm
22,1.50155E+12,0022595a-44df-4c00-970a-ac5128c97634,katheats.com,katheats.com/fresh-summer-weekend-meals
34,1.50155E+12,0034592e-efd1-4500-9fa1-201a42944af1,people.com,people.com/food
93,1.50155E+12,00935980-c84a-4d00-9b2d-438829485a1f,iflmylife.com,iflmylife.com/health
00db,1.50155E+12,00db5933-cd88-4100-b08b-498d7f315674,cafemom.com,cafemom.com/celebrities
18,1.50155E+12,0018585e-4b51-4800-bfa4-34244a761e99,fr.yahoo.com,fr.yahoo.com/
40,1.50155E+12,00405964-a8e3-4300-b381-f23dcdd51e39,wmur.com,wmur.com/weather
004e,1.50155E+12,004e5365-65c8-4a09-b4c5-724444aff8d4,washingtonpost.com,washingtonpost.com/entertainment
00c6,1.50155E+12,00c60dec-43ef-4517-b947-81d05ebe1409,apple.com,apple.com/app
38,1.50155E+12,0038597d-259d-4e00-92d9-77cbceef5cc4,thetalko.com,thetalko.com/what-age-youll-have-kids-at-based-on-your-zodiac-sign
21,1.50155E+12,0021c305-171e-4621-8c10-6c880a889ff9,apple.com,apple.com/app
00f6,1.50155E+12,00f65848-9e71-4700-9b8b-fd64cce29ecd,reddit.com,reddit.com/r
84,1.50155E+12,008458e4-3475-4a00-a9f5-6aa964d82a7e,teslarati.com,teslarati.com/tesla-model-3-battery-range-220mi-310-mi-premium
20,1.50155E+12,00205863-ea18-4600-b2c1-c2a557a4640a,wikia.com,wikia.com/wiki
00da,1.50155E+12,00da595b-f255-4c00-90b6-92f9800a8b52,gameinformer.com,gameinformer.com/b
0.00E+00,1.50155E+12,00e457b0-e232-4f00-bb6c-0d6148aaa390,emuparadise.me,emuparadise.me/#11351782
000f,1.50155E+12,000f5976-8eaf-4c00-bc98-9bf76cce178d,msn.com,msn.com/
00fd,1.50155E+12,00fd594a-d7bc-4100-8920-22503d72c978,baseball-reference.com,baseball-reference.com/
00cd,1.50155E+12,00cd535d-a131-11f4-5fb7-29d121d9a7b2,washingtonpost.com,washingtonpost.com/
30,1.50155E+12,003056ee-1932-4300-bbfc-5e88b0b13893,researchgate.net,researchgate.net/publication
00bf,1.50155E+12,00bf5932-11f1-4100-87a0-f7d2396eb721,olx.com.br,olx.com.br/busca
00df,1.50155E+12,00df5905-67c3-4700-a5bd-7b0e2307fd68,southsidesox.com,southsidesox.com/
00cf,1.50155E+12,00cf5825-d457-4400-aaad-ed5d888117c6,yapo.cl,yapo.cl/arica_parinacota
00a2,1.50155E+12,00a25966-6c21-4100-a54d-90bfd436a302,spicysouthernkitchen.com,spicysouthernkitchen.com/italian-sausage-peppers
37,1.50155E+12,003758e1-5013-4800-89cb-47028af42f29,answers.com,answers.com/Q
00c6,1.50155E+12,00c6597a-a11a-4600-9b20-43ed19814f7c,babygaga.com,babygaga.com/
17,1.50155E+12,00175955-835b-4200-949e-a0b175dbc7e9,cbsinteractive.com,cbsinteractive.com/
15,1.50155E+12,00156e1b-755e-48be-9f82-71f1501216d2,google.com,google.com/store
007c,1.50155E+12,007c5837-85e7-4000-a980-3a925f3a559b,diply.com,diply.com/people-wearing-right-shirt-right-time
22,1.50155E+12,0022597f-3af2-4800-abee-8ce4173414de,msn.com,msn.com/es-mx
12,1.50155E+12,00125979-2605-4600-b1f6-71ccf9243989,yakfaceforums.com,yakfaceforums.com/b154
00ae,1.50155E+12,00ae3960-c08e-4a06-a51a-6170e340fc38,finegardening.com,finegardening.com/designing-great-containers
002a,1.50155E+12,002a5944-1631-4100-81e2-2a3967d506a5,cardgames.io,cardgames.io/
00bb,1.50155E+12,00bb58e1-0caa-4c00-a000-c55df25ec258,epicurious.com,epicurious.com/
74,1.50155E+12,007452fc-e5a6-48f8-bd79-2fcf85afa2c7,google.com,google.com/store
00c0,1.50155E+12,00c03a63-8df8-423d-b09d-3ce50b0c7868,monsoonspice.com,monsoonspice.com/
5,1.50155E+12,0005597b-a481-4c00-a2fc-d7758959a4c4,imgur.com,imgur.com/gallery
68,1.50155E+12,0068597d-c0ce-4400-a197-1c8b37cc7f8f,urbo.com,urbo.com/content
007a,1.50155E+12,007a5801-5e13-4800-a903-287480188d97,slither.io,slither.io/
00ce,1.50155E+12,00ce585e-80c8-4200-b94f-a2e2298890c6,kijiji.ca,kijiji.ca/
46,1.50155E+12,00465980-cca9-4100-8592-500084842dc8,mangahere.co,mangahere.co/
25,1.50155E+12,00255970-a75c-4b00-a723-fbbb3d623807,screenrant.com,screenrant.com/x-men-movie-universe-vs-mcu-better-worse
63,1.50155E+12,0063590a-5f25-4800-8ba5-a6932063f867,roblox.com,roblox.com/
13,1.50155E+12,001358ab-f8ab-4600-8041-aef98c169589,quizony.com,quizony.com/
003f,1.50155E+12,003f5980-c77e-4d00-8816-025594cbc135,washingtonpost.com,washingtonpost.com/sports
00fb,1.50155E+12,00fb474b-7797-423d-954c-1deb36a18b26,apple.com,apple.com/app
45,1.50155E+12,0045589d-e0be-4c00-8e24-0cb0db964b63,nexusmods.com,nexusmods.com/spore
33,1.50155E+12,00335375-ff9e-4d00-bcb4-3803a014cb49,oola.com,oola.com/lifestyle
00b6,1.50155E+12,00b6545b-afcb-4400-aa8f-454032c9d85f,travelchannel.com,travelchannel.com/sweepstakes
49,1.50155E+12,00495955-91d0-4e00-9b2f-8ea298a132dc,miamiherald.com,miamiherald.com/news
003e,1.50155E+12,003e5755-caf9-4a00-88fa-cb8f742ebc07,pch.com,pch.com/video-entryconfirmation-sweeps
00b7,1.50155E+12,00b75975-1eef-4a00-a269-4790070f7b40,consumable.com,consumable.com/
008a,1.50155E+12,008a57cf-028c-4c00-9464-9f51443ed5aa,anutricionista.com,anutricionista.com/gengibre-e-suas-propriedades.html
63,1.50155E+12,00638507-4492-23d2-8c11-5789cddb35ae,kiwireport.com,kiwireport.com/20-stunning-daughters-favorite-stars
52,1.50155E+12,005255eb-4c65-4500-97c0-44d4589fe9e3,gimmedelicious.com,gimmedelicious.com/2016
62,1.50155E+12,006258fc-c5f0-4500-aa7d-570fe0c4916c,diply.com,diply.com/curious-pictures-minds
99,1.50155E+12,0099592e-4bc6-4500-bc23-7362ea59a1eb,realsimple.com,realsimple.com/
61,1.50155E+12,00615980-c488-4100-b270-de9315a512cb,screenrant.com,screenrant.com/forgotten-game-of-thrones-characters-gendry
00f9,1.50155E+12,00f95249-ccf5-4400-a26c-065a680badcd,outdoorlife.tv,outdoorlife.tv/feature
00af,1.50155E+12,00af5574-f98d-4d00-9ca8-d136686db1a3,drudgereport.com,drudgereport.com/
00b0,1.50155E+12,00b05811-33a2-4700-a5f7-f97a24e1bca2,securenetsystems.net,securenetsystems.net/v5
37,1.50155E+12,0037001e-37b9-4cc7-adb6-bcbd39fae904,myfitnesspal.com,myfitnesspal.com/
27,1.50155E+12,002757e3-1198-4400-9a6b-bd41c9425445,healthskillet.com,healthskillet.com/celebrity-weight-loss-transformations
31,1.50155E+12,00315640-92dd-4000-9f7e-776ae3c2341b,enfemenino.com,enfemenino.com/foro
73,1.50155E+12,0073597f-95d7-4800-8b0e-79dc3521cfa3,windows.net,windows.net/sherlockprod
5,1.50155E+12,00055712-574f-4900-99b9-b37b74deb982,diply.com,diply.com/people-got-what-wanted-worst-way-possible
00a0,1.50155E+12,00a05950-71b2-4900-a6c2-08d027b3d049,olx.com.br,olx.com.br/
29,1.50155E+12,0029575d-947d-4c00-941c-bb197297f78f,looper.com,looper.com/2304
00c9,1.50155E+12,00c95980-c630-4b00-ac66-b62876df658b,ebay.com,ebay.com/
006a,1.50155E+12,006a5954-f644-4900-b903-9d27ba92da99,racingin.com,racingin.com/track
33,1.50155E+12,003357e6-9632-4400-ae1c-2bc9081a6c46,wildtangent.com,wildtangent.com/Play
98,1.50155E+12,0098593e-864e-4c00-9ddf-8f261ac1714d,al.com,al.com/placead
0.00E+00,1.50155E+12,00e8584e-688a-4600-b669-cbb691f563ec,inboxdollars.com,inboxdollars.com/
81,1.50155E+12,00815935-85d9-4c00-965e-b8c64da28e24,countryrebel.com,countryrebel.com/blogs
0.00E+00,1.50155E+12,00e92458-9b60-34d2-ba98-54ad1488c5dc,grandprix247.com,grandprix247.com/2017
62,1.50155E+12,00625969-fa2a-4900-8554-6902e12e743c,mail.yahoo.com,mail.yahoo.com/
00f1,1.50155E+12,00f15939-dc90-4b00-9d4b-48abafa80ef3,thebump.com,thebump.com/
37,1.50155E+12,003757b1-eecc-4100-a0b4-28bd21a2f457,boredpanda.com,boredpanda.com/funny-clothing-fails
31,1.50155E+12,0031551c-7fa9-4f00-bae4-4e17dd11ea89,mundoboaforma.com.br,mundoboaforma.com.br/sardinha-engorda-ou-emagrece-beneficios-e-dicas
17,1.50155E+12,00170c82-ffbe-4076-96a0-aa6cc05021d3,tvone.tv,tvone.tv/58183
00de,1.50155E+12,00de56bc-faf4-4f00-bb8a-6ab6d198e609,mmajunkie.com,mmajunkie.com/feature
00c8,1.50155E+12,00c85979-428c-4b00-b8ab-20eccd5ab92c,mobafire.com,mobafire.com/league-of-legends
98,1.50155E+12,00985701-dfd7-4200-82ee-cd1b33244939,aol.com,aol.com/
006e,1.50155E+12,006e575c-2243-4900-85f1-bad4cb969eea,boredomtherapy.com,boredomtherapy.com/no-bath-in-60-years
005f,1.50155E+12,005f5961-3bec-4600-8489-b07a929d9afa,bibme.org,bibme.org/items
00aa,1.50155E+12,00aa56af-5e85-4c00-92d0-3686b7588073,wbir.com,wbir.com/local
93,1.50155E+12,00935962-9ef9-4500-9ad2-16ee6559e068,nationalenquirer.com,nationalenquirer.com/photos
005b,1.50155E+12,005bb2ec-0965-4cd4-8296-c32f778f4bbb,google.com,google.com/store
96,1.50155E+12,0096597f-3c06-4200-9a49-dc8284670d4f,urbo.com,urbo.com/content
001e,1.50155E+12,001e597d-ddfb-4e00-98b3-ce72f4a9e441,howstuffworks.com,howstuffworks.com/
007b,1.50155E+12,007b596f-7d28-4200-b4d1-d224d46d0cb5,usatoday.com,usatoday.com/story
000b,1.50155E+12,000b5980-cb25-4400-9920-02b93d09d97e,walmart.com,walmart.com/search
000c,1.50155E+12,000c5950-5686-4000-8c46-b1104c1a3f42,shmoop.com,shmoop.com/streetcar-named-desire
55,1.50155E+12,0055597b-93ee-4c00-8092-2e58f2458511,people.com,people.com/
53,1.50155E+12,00535978-e07d-4500-bfe7-1a6b3fbdb397,centurylink.net,centurylink.net/
88,1.50155E+12,008839ca-b0c7-42a8-92db-071407189cb8,google.com,google.com/store
00a6,1.50155E+12,00a65949-3ec7-4300-89b9-8409aa763001,thethings.com,thethings.com/15-jaw-dropping-google-earth-images-that-will-make-you-fear-going-outside
00f0,1.50155E+12,00f014f4-fd94-4adb-aadb-6b64c13a8d21,realtimepolitics.com,realtimepolitics.com/2017
68,1.50155E+12,00685938-897e-4d00-8d44-15377756332e,zoo.com,zoo.com/quiz
89,1.50155E+12,00891f80-251d-4fee-8f81-c46701f1440c,mcall.com,mcall.com/photos
00f2,1.50155E+12,00f258d3-30bf-4200-8fdf-e8804805e254,a10.com,a10.com/
33,1.50155E+12,00335375-ff9e-4d00-bcb4-3803a014cb49,oola.com,oola.com/restaurants
005a,1.50155E+12,005a5635-bd6f-4300-b3bf-c97918cb3dc0,ebay.com,ebay.com/
21,1.50155E+12,002128a4-5a04-49f5-976f-0e796eb538bd,delish.com,delish.com/
72,1.50155E+12,007258dc-3939-4100-90b1-84b946964af0,wikia.com,wikia.com/wiki
00a7,1.50155E+12,00a70252-b5f4-45ce-8343-4deb868b00ff,foxnews.com,foxnews.com/
62,1.50155E+12,00625902-0693-4000-9f00-6eb20bfca088,thechive.com,thechive.com/
006f,1.50155E+12,006f044f-44d5-449b-aab5-7525e5dd1094,viralthread.com,viralthread.com/
00f1,1.50155E+12,00f18a62-8e01-4ecd-ad14-2e5b22b85399,google.com,google.com/store
006f,1.50155E+12,006f044f-44d5-449b-aab5-7525e5dd1094,viralthread.com,viralthread.com/stars-of-game-of-thrones-before-they-were-famous-ygt983
94,1.50155E+12,00945980-c9a3-4800-b00a-d5efc23baf9b,thethings.com,thethings.com/#11541862
15,1.50155E+12,00155868-cc50-4300-93b1-b539dae56ab9,sullca.com,sullca.com/capitulos
0.00E+00,1.50155E+12,00e5450b-db7a-4910-bd66-772aa790b540,prizegrab.com,prizegrab.com/prizes
71,1.50155E+12,00715968-0aa9-4f00-afe9-d4588ff29e04,trimmedandtoned.com,trimmedandtoned.com/19-low-ingredient-healthy-weight-loss-snacks-need-know
00fe,1.50155E+12,00fe5940-24da-4500-858e-46daa4cbb949,accuweather.com,accuweather.com/es
65,1.50155E+12,0065561d-4d84-4200-9b48-68b73bea1999,triviatoday.com,triviatoday.com/education
27,1.50155E+12,002758c1-a817-4300-a1e0-3e32d482878f,windstream.net,windstream.net/do
001f,1.50155E+12,001f597d-cdb4-4d00-bee2-100379708c88,triumphrat.net,triumphrat.net/classic-vintage-and-veteran
00a6,1.50155E+12,00a65934-991e-4d00-a853-fcdcfdb46c10,howstuffworks.com,howstuffworks.com/quiz
000b,1.50155E+12,000b58d2-0a40-4f00-ae58-378b760b4a2a,boatingmag.tv,boatingmag.tv/feature
00d8,1.50155E+12,00d857e8-fd60-4e00-8b1c-9d73b0083135,slader.com,slader.com/textbook
003a,1.50155E+12,003a4bb2-f4c8-4db4-9eca-fbf6c83c99f5,apple.com,apple.com/app
2,1.50155E+12,00025606-a5f6-4c00-95fe-7e3c272e33e3,aol.com,aol.com/
75,1.50155E+12,0075597c-e527-4d00-bbce-0f1ec34f7ec0,accessthestars.com,accessthestars.com/teen-photoshopped-ryan-reynolds-prom-photos
00cc,1.50155E+12,00cc5853-d493-4200-aac3-ba7d718c668d,foxnews.com,foxnews.com/
005d,1.50155E+12,005d5812-41f2-4c00-9653-0713740d0dcf,historyinorbit.com,historyinorbit.com/new-russian-super-weapons-that-are-causing-the-world-to-take-notice-2
78,1.50155E+12,00785969-8a87-4400-9c99-bd6cc78f3a58,gameofglam.com,gameofglam.com/el-coeficiente-intelectual-de-estas-celebridades-te-sorprendera
82,1.50155E+12,008254b3-0936-4100-92ac-f1f221b92618,spotify.com,spotify.com/
48,1.50155E+12,00485968-23b8-4300-ab11-0d95fedebaf7,emathhelp.net,emathhelp.net/calculators
69,1.50155E+12,00695947-fed5-4c00-8289-bef7d7e06356,metaspoon.com,metaspoon.com/a-baseball-boy-camera-staredown
75,1.50155E+12,00755895-1a6e-4700-86ba-fa90881f17a4,parentsdome.com,parentsdome.com/celebrity-parents-children-look-alikes
00c2,1.50155E+12,00c25944-19ae-4300-b4fc-064c311d392c,realtor.com,realtor.com/realestateandhomes-detail
008a,1.50155E+12,008a58b9-b271-4100-a075-d343288acc0f,ultimate-guitar.com,ultimate-guitar.com/t
32,1.50155E+12,003257de-8262-4200-8d39-0fa44157c530,espn.com,espn.com/mlb
0.00E+00,1.50155E+12,00e9596d-d9ac-4c00-80ac-c382065342cb,looper.com,looper.com/74826
008e,1.50155E+12,008e594b-0eaa-4d00-97cd-8511032c30fc,2kmtcentral.com,2kmtcentral.com/17
004e,1.50155E+12,004e1b42-c060-4d05-9337-5d261ae3e961,scorpioquotes.com,scorpioquotes.com/2014
00cd,1.50155E+12,00cd5661-61b5-4c00-96ae-3fcffe82099a,statsroyale.com,statsroyale.com/profile
009e,1.50155E+12,009e5803-97fe-4e00-863b-ef0c806b9f43,emisorasunidas.com,emisorasunidas.com/deportes
00cf,1.50155E+12,00cf58ec-2ea4-4f00-9515-1c682c2061a5,icy-veins.com,icy-veins.com/wow
00a8,1.50155E+12,00a85976-7ed1-4c00-b26f-7c5b01dc7fda,forbes.com,forbes.com/
009f,1.50155E+12,009f5925-4dc5-4500-8c36-471fca746f2d,talkingpointsmemo.com,talkingpointsmemo.com/news
00c1,1.50155E+12,00c15979-4a84-4400-87b4-f2cbdadf8c55,allrecipes.com,allrecipes.com/recipe
17,1.50155E+12,001758cb-0942-4000-bb86-452ef38029de,foxnews.com,foxnews.com/
79,1.50155E+12,0079596b-01ce-4500-9490-a2d9ff0cbdcd,goal.com,goal.com/
00a7,1.50155E+12,00a75980-ca31-4a00-82c1-97ab338632f4,thequiz.com,thequiz.com/#11088632
33,1.50155E+12,00335901-d415-4400-8e02-9c5b63d5101d,pogo.com,pogo.com/
25,1.50155E+12,0025579b-b66e-4c00-8702-d40b9c0862d5,kiwireport.com,kiwireport.com/these-people-had-one-job-to-do-but-failed-miserably-to-our-enjoyment
00db,1.50155E+12,00db596c-022b-4a00-8870-54def786f567,gocomics.com,gocomics.com/getfuzzy
002e,1.50155E+12,002e4f39-a548-4eaa-9d02-e4efb4100940,google.com,google.com/store
00b9,1.50155E+12,00b95811-2dc6-4500-9417-87e2c53805a5,healthskillet.com,healthskillet.com/brave-girl-plays-dead-to-rescue-starving-dog
25,1.50155E+12,00255970-a75c-4b00-a723-fbbb3d623807,screenrant.com,screenrant.com/
1,1.50155E+12,0001581e-9306-4800-8be0-90e0c0634a51,hughesnet.com,hughesnet.com/
46,1.50155E+12,0046597a-f0fd-4400-bb22-6c5ea17f4af5,cafepharma.com,cafepharma.com/boards
001a,1.50155E+12,001a597f-96eb-4400-978c-4b38cf7bfa67,ebay.com,ebay.com/
23,1.50155E+12,00235905-02e8-4900-84d5-8577e45ba150,tvline.com,tvline.com/2017
24,1.50155E+12,002458d1-a4cd-4100-ab0c-9dc81a45abdc,icy-veins.com,icy-veins.com/
007d,1.50155E+12,007d55d1-1c93-4d00-b1ee-edfbb64ea0ad,mail.yahoo.com,mail.yahoo.com/neo
002c,1.50155E+12,002c5928-dfab-4400-99b5-ea09e9454e0c,magiquiz.com,magiquiz.com/quiz
00ee,1.50155E+12,00ee5969-c1be-4900-bd4d-751268a2c34c,10best.com,10best.com/feature
00d9,1.50155E+12,00d954a1-fe31-4300-ab2e-456e78de676f,mail.yahoo.com,mail.yahoo.com/
0.00E+00,1.50155E+12,00e558a5-1adf-4200-b864-32477ebb292a,quizony.com,quizony.com/what-kind-of-soul-do-you-have
18,1.50155E+12,001856ba-7600-4d00-938a-200ec7c9b8d6,spanishdict.com,spanishdict.com/translate
00c8,1.50155E+12,00c8566a-2da5-4c00-a424-7b37de275a1a,cnsnews.com,cnsnews.com/blog
002b,1.50155E+12,002b5960-f5dd-4800-b05b-b5f30715204f,reddit.com,reddit.com/r
00f0,1.50155E+12,00f055f7-2753-4a00-9523-6a69df84cb05,anncoojournal.com,anncoojournal.com/2012
002c,1.50155E+12,002c5948-0ed3-4f00-926e-ef11b1dabbbc,worldlifestyle.com,worldlifestyle.com/celebs
006e,1.50155E+12,006e55d0-dd58-4a00-aa2b-65b3e8702d24,planetminecraft.com,planetminecraft.com/project
86,1.50155E+12,0086562a-b3b6-4700-96bf-532ef20c5533,horoscope.com,horoscope.com/us
000f,1.50155E+12,000f57c2-5372-4000-abca-c444f54faeb1,mail.yahoo.com,mail.yahoo.com/d
59,1.50155E+12,005957a7-45a7-4f00-a313-83e50a65b221,historyinorbit.com,historyinorbit.com/color-d-day-photos-truly-gripping
25,1.50155E+12,00255504-9c09-4e00-8e99-776fe26d448b,topix.com,topix.com/quiz
66,1.50155E+12,0066560b-02d6-4000-99f5-4ac41d9395f6,troypoint.com,troypoint.com/
00b3,1.50155E+12,00b358b2-d457-4e00-b1fa-5e7aa7d81f14,google.com,google.com/store
79,1.50155E+12,00795913-cde7-4400-9e27-2df0db24bdbd,wral.com,wral.com/weather
47,1.50155E+12,0047579c-a12a-4c00-9632-2117bf8db88c,google.com,google.com/store
55,1.50155E+12,0055fc38-f738-4c31-bd35-f18580b875a9,google.com,google.com/store
96,1.50155E+12,0096586b-0f0e-4e00-b7a3-25918c7ce1fe,nickiswift.com,nickiswift.com/10393
00d8,1.50155E+12,00d85974-273d-4300-a31f-a2914d9a7760,allrecipes.com,allrecipes.com/recipe
00fb,1.50155E+12,00fb5715-5790-4a00-ae94-d5b95b003edf,drudgereport.com,drudgereport.com/
00df,1.50155E+12,00df5901-2cde-4e00-9e32-94b8d40670cb,zoo.com,zoo.com/quiz
00b3,1.50155E+12,00b354d2-c32e-4000-9528-afa794f47317,consumable.com,consumable.com/
27,1.50155E+12,00275935-89f1-4500-9e0a-db83104047b1,zynga.com,zynga.com/
002d,1.50155E+12,002d5b81-1232-460c-89df-8f8099d820b0,google.com,google.com/store
83,1.50155E+12,0083597e-015a-4400-9d36-8a92572dc06b,zoo.com,zoo.com/
12,1.50155E+12,00125694-f7c2-4400-8784-63f1fe95a231,worldlifestyle.com,worldlifestyle.com/celebs
78,1.50155E+12,007857e9-b502-4600-89b2-38d8d096219b,sports.yahoo.com,sports.yahoo.com/mlb
00c4,1.50155E+12,00c45804-d81f-4200-ae5e-34d4576038b0,mail.yahoo.com,mail.yahoo.com/neo
002c,1.50155E+12,002c5980-ad1a-4000-8f1b-26fec4e56a1e,phonearena.com,phonearena.com/news
89,1.50155E+12,00895915-ecc3-4a00-843c-6ebc7ed710b0,cbsinteractive.com,cbsinteractive.com/
97,1.50155E+12,0097895f-c339-4b77-ac25-7784bfe7d07d,apple.com,apple.com/app
00a8,1.50155E+12,00a8593b-2529-4100-9373-3822a1ef4157,mywedding.com,mywedding.com/find-vendor
65,1.50155E+12,006558d3-c940-4500-a38c-39c0f3157c94,latimes.com,latimes.com/
68,1.50155E+12,00685980-c5f9-4d00-81d0-fba1ad787ddc,thethings.com,thethings.com/15-hilarious-wedding-fails-youll-feel-guilty-laughing-at
002c,1.50155E+12,002c5948-0ed3-4f00-926e-ef11b1dabbbc,cnn.com,cnn.com/
00f7,1.50155E+12,00f7590b-530c-4a00-8ae5-5ad567ae1f06,90min.com,90min.com/pt-BR
80,1.50155E+12,0080f6b8-0a46-4381-9bfc-c14ebf067e1f,apple.com,apple.com/app
00f6,1.50155E+12,00f65792-a4b9-4200-b3f8-9a2c979d80ed,people.com,people.com/celebrity
0.00E+00,1.50155E+12,00e7592a-fdd4-4100-93e9-f61faea7192d,sunsigns.org,sunsigns.org/pisces-horoscope-2017
00bd,1.50155E+12,00bd5966-4964-4600-833b-dc0bd09d79ee,mail.yahoo.com,mail.yahoo.com/neo
00f4,1.50155E+12,00f4578a-708b-4c00-9662-e3b8497c49ef,lifescript.com,lifescript.com/health
0.00E+00,1.50155E+12,00e85794-a322-4800-9066-e47eccefe2de,thetalko.com,thetalko.com/20-pictures-nicole-richie-doesnt-want-you-to-see
00fa,1.50155E+12,00fa5886-6a47-4100-883a-08398bd143e7,cnsnews.com,cnsnews.com/commentary
44,1.50155E+12,00447b8c-18b7-412f-851f-d36a15f137bd,apple.com,apple.com/app
5,1.50155E+12,00055721-e2cc-4300-853a-f1f53c2afb0a,yahoo.com,yahoo.com/
00b9,1.50155E+12,00b93f5e-36ce-4970-a92a-29b51c8bc577,babygaga.com,babygaga.com/15-moms-who-raised-kids-that-were-forced-on-them
00ae,1.50155E+12,00ae5545-5b77-4d00-a69a-6a8a38e52874,foxnews.com,foxnews.com/
004a,1.50155E+12,004a5695-fcb5-4200-962b-d11e2b0be5d6,observer.com,observer.com/2014
003a,1.50155E+12,003a5434-7eb3-4f00-85eb-45f3ae1e9225,biology-online.org,biology-online.org/dictionary
0.00E+00,1.50155E+12,00e75720-e027-4400-8804-b10962f37e9d,msn.com,msn.com/en-us
84,1.50155E+12,0084581c-0019-4c00-948c-b0fae1d98d36,maptechnica.com,maptechnica.com/county-map
91,1.50155E+12,0091537b-ea9e-4800-9f04-c55494ff8ce3,newsmax.com,newsmax.com/Newsfront
97,1.50155E+12,00979d96-7f42-4e8b-b0b2-4cef631c1f79,google.com,google.com/store
00fe,1.50155E+12,00fe55b5-0df5-4300-9159-e1db402a53bc,vagas.com.br,vagas.com.br/vagas
003a,1.50155E+12,003a595e-863f-4500-94f1-17ae7ff7b72c,instructables.com,instructables.com/id
007a,1.50155E+12,007a589a-7154-4200-a8e4-1b0eb8ba833a,answers.com,answers.com/Q
007f,1.50155E+12,007f5916-b4e3-4800-ad9d-86022824e253,mail.yahoo.com,mail.yahoo.com/neo
00fd,1.50155E+12,00fd57f8-2952-4600-9f55-421789e013af,topix.com,topix.com/slideshow
009b,1.50155E+12,009b55fa-0ca6-4200-a055-ad0fd13e654a,usatoday.com,usatoday.com/story
006a,1.50155E+12,006a593a-f3c7-4d00-9b07-59b290129fbd,babysitio.com,babysitio.com/preconcepcion
62,1.50155E+12,00625902-0693-4000-9f00-6eb20bfca088,si.com,si.com/
62,1.50155E+12,006258cc-959b-4500-a2c6-27f60c2c129f,roleplayer.me,roleplayer.me/reply.php
004b,1.50155E+12,004b5418-7c04-4500-8a67-393f6c9f8895,kiwireport.com,kiwireport.com/commercial-stars
93,1.50155E+12,00932a86-d54b-4114-8bd8-49dec5610226,google.com,google.com/store
007b,1.50155E+12,007b593a-576b-4c00-93f0-e54d95690859,mmorpg-life.com,mmorpg-life.com/cyrodiil-treasure-map-locations-guide
009a,1.50155E+12,009a563d-024e-4a00-8da7-d272506ae2c5,definition.org,definition.org/
34,1.50155E+12,003457c7-610e-4300-b450-43d3c725bb64,coolmath-games.com,coolmath-games.com/0-papas-sushiria
006b,1.50155E+12,006b5818-c2eb-4400-b915-f5c7d8c3488c,ebay.com,ebay.com/
000d,1.50155E+12,000d57c6-61e7-4900-bad5-b67fff8f30e2,allure.com,allure.com/gallery
000f,1.50155E+12,000f55ef-b4b5-4b00-a77e-5f4590e4bb6d,3wk.com,3wk.com/
00b1,1.50155E+12,00b15974-958f-4f00-887a-90b722426661,livestrong.com,livestrong.com/article
47,1.50155E+12,004755fc-d565-4000-aa6a-36371c69cd04,sports.yahoo.com,sports.yahoo.com/
71,1.50155E+12,00711864-19e0-4cec-a164-71954a210d2f,google.com,google.com/store
007b,1.50155E+12,007b55d7-54ac-4900-a2ff-8f733d9131e1,reddit.com,reddit.com/r
00c9,1.50155E+12,00c9592f-8b9b-4c00-85ae-5935edac3614,worldation.com,worldation.com/stories
00be,1.50155E+12,00be5975-e745-4900-ac50-64dff416238a,historyinorbit.com,historyinorbit.com/china-weapons-puppies-world-quaking-boots
005f,1.50155E+12,005f5919-a36e-4a00-955a-162cd9bb9c24,howstuffworks.com,howstuffworks.com/quiz
00f8,1.50155E+12,00f8cc27-0cce-4b4a-8385-f59fe528e707,google.com,google.com/store
12,1.50155E+12,001257d4-826a-4100-b6bd-86684f5ce0f3,patanouchi.com,patanouchi.com/bbs
14,1.50155E+12,001453af-6187-4200-9a68-1f43ef8ff28e,yahoo.com,yahoo.com/
00b9,1.50155E+12,00b9595a-77a7-4600-96a5-711b653f49ae,wikia.com,wikia.com/
74,1.50155E+12,00745501-dd39-4400-825a-4aad004ece4b,nickiswift.com,nickiswift.com/2316
70,1.50155E+12,00705915-1d62-4100-a51e-1b79b3629ee9,whatlisacooks.com,whatlisacooks.com/school-lunch
98,1.50155E+12,009857b1-1be2-4600-ab42-19a85d83a02e,worldlifestyle.com,worldlifestyle.com/tvshows
00cf,1.50155E+12,00cf58fe-6dc3-4800-956c-c2b12e33d41a,msn.com,msn.com/
15,1.50155E+12,00155491-f712-4300-a4cd-9c20554ed1d2,imgur.com,imgur.com/gallery
00ee,1.50155E+12,00ee585b-f68f-4000-a776-e720804eae34,overwolf.com,overwolf.com/dmpfhbhjknfmncjinjaikncjjnklcplnodamiimn
47,1.50155E+12,00475959-11ea-4900-8275-2c967a4df028,stealherstyle.net,stealherstyle.net/jordyn-jones
28,1.50155E+12,0028567f-378e-4800-b80d-88ea5f0c8dad,forbes.com,forbes.com/
008d,1.50155E+12,008d5897-79d8-4c00-8b74-531c5e07cbac,roblox.com,roblox.com/games
58,1.50155E+12,005857a0-b4bb-4400-b7a8-b0aeb69897a3,google.com,google.com/store
005d,1.50155E+12,005d0cd7-7b3c-4846-9cc5-c3cdcac441ed,trueactivist.com,trueactivist.com/for-years-this-daughter-left-babies-at-her-parents-doorsteps-24-years-later-they-finally-find-out-why-gallery
00f5,1.50155E+12,00f5568b-726b-4b00-a714-9aefdd33ebe3,wikia.com,wikia.com/wiki
26,1.50155E+12,00265941-54a3-4e00-9c49-9fc2a6ac2ede,thesaurus.com,thesaurus.com/
00c8,1.50155E+12,00c855ad-7f82-4500-a7ec-5262d2ef4207,delish.com,delish.com/cooking
00a1,1.50155E+12,00a10c8e-c2d0-4a75-838d-898f4f08a6f2,patch.com,patch.com/maryland
35,1.50155E+12,003558d8-cd2e-4000-9c50-a0672c7291ba,foodnetwork.com,foodnetwork.com/search
008e,1.50155E+12,008e594b-0eaa-4d00-97cd-8511032c30fc,2kmtcentral.com,2kmtcentral.com/17
006c,1.50155E+12,006c5601-bdca-4600-b80b-b48450195556,aspicyperspective.com,aspicyperspective.com/cheesy-southwest-chicken-lasagna-rolls
41,1.50155E+12,00414623-3574-437b-8b95-1f25c36bfd43,apple.com,apple.com/app
006b,1.50155E+12,006b5f54-e5f5-49b2-b648-d372fc7c9d0c,google.com,google.com/store
47,1.50155E+12,00475972-77d9-4000-b0b8-c85e761304ae,wrestlezone.com,wrestlezone.com/
00d0,1.50155E+12,00d01f5c-0016-4a8d-967d-5db389c27c93,pch.com,pch.com/
97,1.50155E+12,00975962-1a5f-4600-afbc-02a5900dd286,nbcchicago.com,nbcchicago.com/news
00d5,1.50155E+12,00d55943-2ae2-4200-9489-7cb97fad5560,walmart.com,walmart.com/search
00d7,1.50155E+12,00d7597c-124b-4900-b3f8-fb7089a08e07,mail.yahoo.com,mail.yahoo.com/neo
72,1.50155E+12,0072593d-49c4-4600-9094-47ab07325829,zoo.com,zoo.com/quiz
00a1,1.50155E+12,00a15980-b30b-4a00-ad66-d50e11c28845,wayfair.com,wayfair.com/
009e,1.50155E+12,009e57a6-49b8-4a00-85dd-c0d9c673b12e,lenovo.com,lenovo.com/
65,1.50155E+12,006558f4-0163-4c00-b9f6-4b141fcdad47,cnn.com,cnn.com/2016
92,1.50155E+12,0092574d-99c8-4400-8260-db40d711413a,eluniversal.com.mx,eluniversal.com.mx/
00cb,1.50155E+12,00cb574a-7c70-4700-ba62-fc6c2a272fb9,nydailynews.com,nydailynews.com/horoscopes
38,1.50155E+12,0038597f-84da-4100-a9bd-a30354e5e606,yahoo.com,yahoo.com/
92,1.50155E+12,00925567-5fb8-4700-b978-4131e3253898,shanty-2-chic.com,shanty-2-chic.com/2012
30,1.50155E+12,0030595b-dc22-4e00-bb6b-a9f9d904af93,howstuffworks.com,howstuffworks.com/
1,1.50155E+12,0001593b-41c1-4200-92ea-7b80f13e9912,wattpad.com,wattpad.com/405818520-it-all-started-with-a-dare-do-you-really-want-this
00fc,1.50155E+12,00fc5a4f-b8e2-4a12-b79d-f928f42f43a9,google.com,google.com/store
00fe,1.50155E+12,00fe5519-f771-4d00-b52f-0d9098eddaeb,narcity.com,narcity.com/ca
77,1.50155E+12,00775951-2771-4000-9c86-e01b48886861,eluniversal.com.mx,eluniversal.com.mx/
00c8,1.50155E+12,00c85927-0c01-4300-a59e-9058ec0c6185,americanupbeat.com,americanupbeat.com/
006b,1.50155E+12,006b5911-25f6-4900-99d1-9986b9123f10,dailymotion.com,dailymotion.com/video
00c3,1.50155E+12,00c31b6b-ad04-4f2b-bdfb-15d520c87f23,mail.yahoo.com,mail.yahoo.com/neo
004a,1.50155E+12,004a575f-02bb-4200-bcdf-5194e94f56a6,screenrant.com,screenrant.com/lowest-grossing-movies-ever-all-time-box-office
22,1.50155E+12,00225980-d023-4b00-bd7a-e09291d33941,nypost.com,nypost.com/
71,1.50155E+12,00715980-bfa9-4400-b9ed-62a922263b65,cbr.com,cbr.com/spiderman-peter-parker-luck
00d0,1.50155E+12,00d0597f-318e-4000-a562-7c44765c0ef4,motorcyclistonline.tv,motorcyclistonline.tv/
77,1.50155E+12,0077547b-c462-4f00-877e-c40ed0d6a9a3,peacefuloflife.com,peacefuloflife.com/2017
00c2,1.50155E+12,00c2596f-d7ae-4400-9d36-0d6639d23f64,ebay.com,ebay.com/
000d,1.50155E+12,000d5971-2975-4600-8845-2cd849933d3a,thesaurus.com,thesaurus.com/browse
27,1.50155E+12,002758e9-7bd5-4400-9a77-9d1fcc445cfb,juliasalbum.com,juliasalbum.com/2016
00a2,1.50155E+12,00a253d6-f733-47f8-9d12-8f0904f185cd,wikia.com,wikia.com/
008d,1.50155E+12,008d596d-b273-4600-b9ec-1f36c90bcdf3,google.com,google.com/store
59,1.50155E+12,005908ba-2b65-47e4-900e-d87462ea4c39,google.com,google.com/store
50,1.50155E+12,00505347-ef60-4500-9485-8b5cd73d9be4,topix.com,topix.com/slideshow
16,1.50155E+12,00165709-2414-4f00-b6d1-c96cd41c208b,adorocinema.com,adorocinema.com/
86,1.50155E+12,0086597b-dce2-4600-9b51-cfdd52cae267,diply.com,diply.com/short-haircuts-final-push-chop-locks
2,1.50155E+12,0002591e-3211-4300-b226-4d5093161c4c,google.com,google.com/store
32,1.50155E+12,00325977-7121-4900-b15a-7af6cd00508e,freeforums.net,freeforums.net/#11152752
50,1.50155E+12,00501440-b8e5-4cf8-8144-35356aa4d217,google.com,google.com/store
006f,1.50155E+12,006f5811-2c68-4800-9698-80451d06d34a,proxysite.com,proxysite.com/
00f1,1.50155E+12,00f15826-3458-4700-83ad-5ae8ee431c51,cbc.ca,cbc.ca/
00bb,1.50155E+12,00bb5940-6421-4700-9519-c8458d06e8ff,hilton.com,hilton.com/en
0.00E+00,1.50155E+12,00e354ef-a7f8-4300-b5a5-01b85f53cb14,marketwatch.com,marketwatch.com/story
005a,1.50155E+12,005a594a-9b42-4200-baaa-42b319df5e7d,olx.com.br,olx.com.br/busca
006b,1.50155E+12,006b5980-cad2-4100-9b85-bbea6aa404dd,goodhousekeeping.com,goodhousekeeping.com/home
0.00E+00,1.50155E+12,00e5594d-c577-4200-ab67-fbdeb2a150bf,instyle.com,instyle.com/newsletters
52,1.50155E+12,0052574f-7064-4400-aae0-d7dd15822649,overstock.com,overstock.com/shopping
00db,1.50155E+12,00db5854-6356-4000-8152-e73eec468961,nydailynews.com,nydailynews.com/
004f,1.50155E+12,004f5916-d196-4e00-b265-ec8e6b05643f,worldlifestyle.com,worldlifestyle.com/celebs
67,1.50155E+12,0067296e-811b-43dc-aa0c-f390f34317a5,cnn.com,cnn.com/
75,1.50155E+12,00755902-9db5-4300-b6e2-137805430a23,weqyoua.net,weqyoua.net/
64,1.50155E+12,00645977-3db9-4700-97bf-b68838dd585e,soompi.com,soompi.com/2017
89,1.50155E+12,008958d8-deab-4600-9412-be51d96591c6,kijiji.ca,kijiji.ca/v-dogs-puppies
00f8,1.50155E+12,00f857be-6b9d-4e00-9415-ac6e7da19108,msn.com,msn.com/en-us
00bb,1.50155E+12,00bbd6d6-a8cc-4bbc-825a-385e7968c390,google.com,google.com/store
00b8,1.50155E+12,00b853b3-56bc-4100-b5d8-5728a46f1a4b,drudgereport.com,drudgereport.com/
00ea,1.50155E+12,00ea5978-0cf8-4500-a04e-953afd976f5f,weather.com,weather.com/
004b,1.50155E+12,004b597c-26ca-4f00-be42-10b93ef078e2,indiewire.com,indiewire.com/
00f9,1.50155E+12,00f9590e-1c77-4b00-bb04-5090d48e1c24,google.com,google.com/store
00d4,1.50155E+12,00d45851-e8a6-4c00-9a76-3b76ef0de8a6,enmasse.com,enmasse.com/